TIPO_QUERY,base,origen,query_utilizado,id,author_id,created_at,lang,source,text,text_completo,traducción,conversation_id,in_reply_to_user_id,possibly_sensitive,reply_settings,withheld,like_count,retweet_count,reply_count,quote_count,impression_count,bookmark_count,referenced_tweets,context_annotations,entities,geo,is_retweet,is_quote,corpus_type,window_label,author_username,author_name,author_location,author_description,author_created_at,author_followers_count,author_following_count,author_tweet_count,author_listed_count,author_verified,author_profile_image_url,author_url,place_full_name,place_country,place_country_code,place_type,place_geo,place_contained_within,tipo,justificacion,raw_json
VICTIMIZACION,cancun_testimonio;mexico_victimizacion_vivida,corpus_local;corpus_local,cancun_testimonio;mexico_victimizacion_vivida,2.07E+18,csv:dronestudio,2026-07-04 7:02:11,en,,@EricHeggie Mexico 🇲🇽 people are Cunts  ! I went to cancun 10 years ago &amp; not once did I meet a good Mexican! In fact I was robbed or scammed out of money 💰 3 times in one night ! Terrible people.,@EricHeggie Mexico 🇲🇽 people are Cunts  ! I went to cancun 10 years ago &amp; not once did I meet a good Mexican! In fact I was robbed or scammed out of money 💰 3 times in one night ! Terrible people.,"@EricHeggie ¡La gente de México 🇲🇽 es una mierda! Fui a Cancún hace 10 años y ¡ni una sola vez conocí a un mexicano bueno! De hecho, ¡me robaron o estafaron dinero 💰 3 veces en una sola noche! Gente terrible.",,,,,,2,0,1,,197,,,,,,FALSE,FALSE,consolidated,wc_mexico,DroneStudio,Jason Sturgess,"South West, England",,,,,,,,,,,,,,,,,,{}
VICTIMIZACION,hospedaje_crucero_JA;victimizacion_ja,;,"(メキシコ OR メキシコシティ OR カンクン OR トゥルム OR コスメル OR アカプルコ OR オアハカ OR メリダ OR グアダラハラ OR モンテレイ OR プラヤデルカルメン OR プエルトバジャルタ OR ロスカボス) (ホテル OR リゾート OR Airbnb OR エアビー OR チェックイン OR オールインクルーシブ OR オーシャンビュー OR クルーズ OR 寄港 OR ""船を降り"" OR ""船に戻"") lang:ja -is:retweet;(メキシコ OR メキシコシティ OR カンクン) (スリ OR ひったくり OR 強盗 OR 盗まれた OR 盗られた OR ""財布を盗"" OR ""スマホを盗"" OR ""バッグを盗"" OR ぼったくり OR ぼられた OR 詐欺 OR 襲われた OR ""取られた"" OR ""被害に遭"") lang:ja -is:retweet",2.08E+18,3032412109,2026-07-11 6:08:38,ja,,メキシコのホテルのバーで友達と踊っていたら、ダンスガチのメキシコ人に手を取られたかと思えばとんでもないリードをかまされて死ぬかと思った……北メキシコ人やばい……,メキシコのホテルのバーで友達と踊っていたら、ダンスガチのメキシコ人に手を取られたかと思えばとんでもないリードをかまされて死ぬかと思った……北メキシコ人やばい……,Estaba bailando con un amigo en el bar de un hotel en México cuando un bailarín mexicano muy serio me agarró de la mano y luego me tiró de una cuerda increíble que me hizo pensar que iba a morir... Los mexicanos del norte están locos...,2.08E+18,,FALSE,everyone,,8,0,0,0,191,0,[],"[{""domain"":{""description"":""Categories within Brand Verticals that narrow down the scope of Brands"",""id"":""46"",""name"":""Business Taxonomy""},""entity"":{""description"":""Brands, companies, advertisers and every non-person handle with the profit intent and related to foods & beverages such as snacks, soft drinks, beers."",""id"":""1557696888568045569"",""name"":""Food & Beverage Business""}},{""domain"":{""description"":""Categories within Brand Verticals that narrow down the scope of Brands"",""id"":""46"",""name"":""Business Taxonomy""},""entity"":{""description"":""Brands, companies, advertisers and every non-person handle with the profit intent related to travel as airlines, travel agencies, hotels"",""id"":""1557697439489880065"",""name"":""Travel & Transportation Business""}},{""domain"":{""description"":""Top level interests and hobbies groupings, like Food or Travel"",""id"":""65"",""name"":""Interests and Hobbies Vertical""},""entity"":{""description"":""Drinks"",""id"":""834828264786898945"",""name"":""Drinks""}},{""domain"":{""description"":""A grouping of interests and hobbies entities, like Novelty Food or Destinations"",""id"":""66"",""name"":""Interests and Hobbies Category""},""entity"":{""description"":""Drink Novelty"",""id"":""867371273248047104"",""name"":""Drink Novelty""}},{""domain"":{""description"":""Interests, opinions, and behaviors of individuals, groups, or cultures; like Speciality Cooking or Theme Parks"",""id"":""67"",""name"":""Interests and Hobbies""},""entity"":{""description"":""Bars and nightlife"",""id"":""847861743699099649"",""name"":""Nightlife""}},{""domain"":{""description"":""A taxonomy of user interests. "",""id"":""131"",""name"":""Unified Twitter Taxonomy""},""entity"":{""description"":""Bars and nightlife"",""id"":""847861743699099649"",""name"":""Nightlife""}},{""domain"":{""description"":""Entity Service top level domain, every item that is in Entity Service should be in this domain"",""id"":""30"",""name"":""Entities [Entity Service]""},""entity"":{""description"":""Travel"",""id"":""839159814991167489"",""name"":""Travel""}},{""domain"":{""description"":""A grouping of interests and hobbies entities, like Novelty Food or Destinations"",""id"":""66"",""name"":""Interests and Hobbies Category""},""entity"":{""description"":""Hospitality"",""id"":""864938653063159808"",""name"":""Hospitality""}},{""domain"":{""description"":""Interests, opinions, and behaviors of individuals, groups, or cultures; like Speciality Cooking or Theme Parks"",""id"":""67"",""name"":""Interests and Hobbies""},""entity"":{""description"":""Hotel/Motel"",""id"":""864939492947275776"",""name"":""Hotel/Motel""}}]",,,FALSE,FALSE,volume,vq:1280,melia_201,Melo,後生だからバッドバッチ観て,"めろです / The Bad Batch / Good Omens / The Mandalorian / Star Wars / DM・Marvel etc. / 成人済み / JP, Eng / お題箱 https://t.co/xeDHSFkW5n",2015-02-20 8:08:01,386,196,16347,6,FALSE,https://pbs.twimg.com/profile_images/1809156312636497920/bgrElf63_normal.jpg,https://t.co/QC2BucfvZ6,,,,,,,,,"{""author_id"":""3032412109"",""context_annotations"":[{""domain"":{""description"":""Categories within Brand Verticals that narrow down the scope of Brands"",""id"":""46"",""name"":""Business Taxonomy""},""entity"":{""description"":""Brands, companies, advertisers and every non-person handle with the profit intent and related to foods & beverages such as snacks, soft drinks, beers."",""id"":""1557696888568045569"",""name"":""Food & Beverage Business""}},{""domain"":{""description"":""Categories within Brand Verticals that narrow down the scope of Brands"",""id"":""46"",""name"":""Business Taxonomy""},""entity"":{""description"":""Brands, companies, advertisers and every non-person handle with the profit intent related to travel as airlines, travel agencies, hotels"",""id"":""1557697439489880065"",""name"":""Travel & Transportation Business""}},{""domain"":{""description"":""Top level interests and hobbies groupings, like Food or Travel"",""id"":""65"",""name"":""Interests and Hobbies Vertical""},""entity"":{""description"":""Drinks"",""id"":""834828264786898945"",""name"":""Drinks""}},{""domain"":{""description"":""A grouping of interests and hobbies entities, like Novelty Food or Destinations"",""id"":""66"",""name"":""Interests and Hobbies Category""},""entity"":{""description"":""Drink Novelty"",""id"":""867371273248047104"",""name"":""Drink Novelty""}},{""domain"":{""description"":""Interests, opinions, and behaviors of individuals, groups, or cultures; like Speciality Cooking or Theme Parks"",""id"":""67"",""name"":""Interests and Hobbies""},""entity"":{""description"":""Bars and nightlife"",""id"":""847861743699099649"",""name"":""Nightlife""}},{""domain"":{""description"":""A taxonomy of user interests. "",""id"":""131"",""name"":""Unified Twitter Taxonomy""},""entity"":{""description"":""Bars and nightlife"",""id"":""847861743699099649"",""name"":""Nightlife""}},{""domain"":{""description"":""Entity Service top level domain, every item that is in Entity Service should be in this domain"",""id"":""30"",""name"":""Entities [Entity Service]""},""entity"":{""description"":""Travel"",""id"":""839159814991167489"",""name"":""Travel""}},{""domain"":{""description"":""A grouping of interests and hobbies entities, like Novelty Food or Destinations"",""id"":""66"",""name"":""Interests and Hobbies Category""},""entity"":{""description"":""Hospitality"",""id"":""864938653063159808"",""name"":""Hospitality""}},{""domain"":{""description"":""Interests, opinions, and behaviors of individuals, groups, or cultures; like Speciality Cooking or Theme Parks"",""id"":""67"",""name"":""Interests and Hobbies""},""entity"":{""description"":""Hotel/Motel"",""id"":""864939492947275776"",""name"":""Hotel/Motel""}}],""conversation_id"":""2075824565826035962"",""created_at"":""2026-07-11T06:08:38.000Z"",""edit_history_tweet_ids"":[""2075824565826035962""],""id"":""2075824565826035962"",""lang"":""ja"",""possibly_sensitive"":false,""public_metrics"":{""bookmark_count"":0,""impression_count"":191,""like_count"":8,""quote_count"":0,""reply_count"":0,""retweet_count"":0},""reply_settings"":""everyone"",""text"":""メキシコのホテルのバーで友達と踊っていたら、ダンスガチのメキシコ人に手を取られたかと思えばとんでもないリードをかまされて死ぬかと思った……北メキシコ人やばい……"",""_author"":{""created_at"":""2015-02-20T08:08:01.000Z"",""description"":""めろです / The Bad Batch / Good Omens / The Mandalorian / Star Wars / DM・Marvel etc. / 成人済み / JP, Eng / お題箱 https://t.co/xeDHSFkW5n"",""id"":""3032412109"",""location"":""後生だからバッドバッチ観て"",""name"":""Melo"",""profile_image_url"":""https://pbs.twimg.com/profile_images/1809156312636497920/bgrElf63_normal.jpg"",""public_metrics"":{""followers_count"":386,""following_count"":196,""like_count"":11448,""listed_count"":6,""media_count"":1151,""tweet_count"":16347},""url"":""https://t.co/QC2BucfvZ6"",""username"":""melia_201"",""verified"":false}}"
VICTIMIZACION,mexico_city_testimonio;mexico_victimizacion_vivida,corpus_local;corpus_local,mexico_city_testimonio;mexico_victimizacion_vivida,2.06E+18,csv:harleysarg17340,2026-06-02 6:17:18,en,,@NeMenOseMx2026 I got robbed by 3 police officers at a market in Mexico city recently.  It hurt because I'm a retired Police officer. Robbed by my own sort🙈😢,@NeMenOseMx2026 I got robbed by 3 police officers at a market in Mexico city recently.  It hurt because I'm a retired Police officer. Robbed by my own sort🙈😢,@NeMenOseMx2026 Hace poco me robaron tres policías en un mercado de la Ciudad de México. Me dolió porque soy policía retirado. ¡Robado por los míos! 🙈😢,,,,,,0,0,0,,0,,,,,,FALSE,FALSE,consolidated,,Harleysarg17340,Harleysargeuk,,,,,,,,,,,,,,,,,,,{}
VICTIMIZACION,mexico_city_testimonio;mexico_victimizacion_vivida,corpus_local;corpus_local,mexico_city_testimonio;mexico_victimizacion_vivida,2.06E+18,csv:xtina555245,2026-06-02 7:28:33,en,,"I traveled alone to Toronto, Mexico City, Manila, Bali, Bangkok, and Singapore. Actually wasn’t too scary wandering around alone except when I got mugged in Manila ☹️ https://t.co/Tpdsqs1bEh","I traveled alone to Toronto, Mexico City, Manila, Bali, Bangkok, and Singapore. Actually wasn’t too scary wandering around alone except when I got mugged in Manila ☹️ https://t.co/Tpdsqs1bEh","Viajé sola a Toronto, Ciudad de México, Manila, Bali, Bangkok y Singapur. La verdad es que no me dio mucho miedo andar sola, excepto cuando me asaltaron en Manila ☹️ https://t.co/Tpdsqs1bEh",,,,,,0,0,0,,57,,,,,,FALSE,FALSE,consolidated,,xtina555245,christina,,,,,,,,,,,,,,,,,,,{}
VICTIMIZACION,mexico_victimizacion_vivida,corpus_local,mexico_victimizacion_vivida,2.06E+18,csv:blueyedproducer,2026-06-01 23:41:15,en,,All someone has to do is get a subpoena for 1📱 of the many licence plates I have posted. Just One! The communication is simple they are on chat ibt/ suspects today slipped after they took my pic sent it to someone I saw it ( Mexican) via text for what? Another mex did same. https://t.co/P0VJJxaQuc,All someone has to do is get a subpoena for 1📱 of the many licence plates I have posted. Just One! The communication is simple they are on chat ibt/ suspects today slipped after they took my pic sent it to someone I saw it ( Mexican) via text for what? Another mex did same. https://t.co/P0VJJxaQuc,"Lo único que alguien tiene que hacer es obtener una orden judicial para 1📱 de las muchas placas que he publicado. ¡Solo una! La comunicación es simple, están en el chat ibt/ los sospechosos de hoy se escaparon después de tomar mi foto y se la enviaron a alguien que vi (mexicano) por mensaje de texto ¿para qué? Otro mexicano hizo lo mismo. https://t.co/P0VJJxaQuc",,,,,,0,1,0,,48,,,,,,FALSE,FALSE,consolidated,,blueyedproducer,Producer Girl,,,,,,,,,,,,,,,,,,,{}
VICTIMIZACION,mexico_victimizacion_vivida,corpus_local,mexico_victimizacion_vivida,2.06E+18,csv:thedrunkcoyote,2026-06-08 2:44:26,en,,My phone was stolen and I was all day in the public ministry (police station) making a report so my credit card insurance can do something about it. Long story short Ill get a replacement phone in a few weeks. I hate mexico omfg,My phone was stolen and I was all day in the public ministry (police station) making a report so my credit card insurance can do something about it. Long story short Ill get a replacement phone in a few weeks. I hate mexico omfg,"Me robaron el teléfono y estuve todo el día en la comisaría haciendo una denuncia para que mi seguro de la tarjeta de crédito pudiera hacer algo al respecto. En resumen, tendré un teléfono nuevo en unas semanas. ¡Odio México, Dios mío!",,,,,,57,2,7,,4440,,,,,,FALSE,FALSE,consolidated,,TheDrunkCoyote,Tacticalfur (King Coyote),Isla Sorna,,,,,,,,,,,,,,,,,,{}
VICTIMIZACION,mexico_victimizacion_vivida,corpus_local,mexico_victimizacion_vivida,2.06E+18,csv:jason_sixsmith,2026-06-08 22:04:09,en,,@JimStrabo It looks different than the place I went to in SE New Mexico that went by the same name.  I think I got scammed.,@JimStrabo It looks different than the place I went to in SE New Mexico that went by the same name.  I think I got scammed.,@JimStrabo Se ve diferente al lugar al que fui en el sureste de Nuevo México que tenía el mismo nombre. Creo que me estafaron.,,,,,,4,1,13,,85,,,,,,FALSE,FALSE,consolidated,,jason_sixsmith,J6,"Rhodesia, Texas",,,,,,,,,,,,,,,,,,{}
VICTIMIZACION,mexico_victimizacion_vivida,corpus_local,mexico_victimizacion_vivida,2.06E+18,csv:basholas,2026-06-09 4:33:31,en,,"For real, when I used a taxi in Mexico, I got ripped off for 150,000 in one go lol    After that, it got shared among my buddies, and in total we got scammed for over 500,000 lol    Mexico's police are so damn corrupt, I just got hit up for cash while walking around Tijuana. Haggling in Spanish got it down to half, but...    Anyone heading to Mexico, seriously watch out!!!","For real, when I used a taxi in Mexico, I got ripped off for 150,000 in one go lol    After that, it got shared among my buddies, and in total we got scammed for over 500,000 lol    Mexico's police are so damn corrupt, I just got hit up for cash while walking around Tijuana. Haggling in Spanish got it down to half, but...    Anyone heading to Mexico, seriously watch out!!!","En serio, cuando tomé un taxi en México, me estafaron 150.000 pesos de golpe, jajaja. Después, se repartió entre mis amigos y en total nos estafaron más de 500.000 pesos, jajaja. La policía mexicana es tan corrupta que me pidieron dinero mientras caminaba por Tijuana. Regateando en español conseguí que me lo bajaran a la mitad, pero... ¡¡¡Cualquiera que vaya a México, tenga mucho cuidado!!!",,,,,,0,0,0,,20,,,,,,FALSE,FALSE,consolidated,,Basholas,OLA OMO OLA,looking for the $$$,,,,,,,,,,,,,,,,,,{}
VICTIMIZACION,mexico_victimizacion_vivida,corpus_local,mexico_victimizacion_vivida,2.07E+18,csv:algodealer,2026-06-25 20:01:27,en,,"Currently in a small town in southern Mexico, pick pocket stole my phone, but I'm happier than I would be on a good day back home in America. Crazy how living in a shitty place 24/7 can ruin your mental health","Currently in a small town in southern Mexico, pick pocket stole my phone, but I'm happier than I would be on a good day back home in America. Crazy how living in a shitty place 24/7 can ruin your mental health","Actualmente estoy en un pequeño pueblo del sur de México, un carterista me robó el teléfono, pero estoy más feliz que en un buen día en mi país, Estados Unidos. Es increíble cómo vivir en un lugar horrible las 24 horas del día, los 7 días de la semana, puede arruinar tu salud mental.",,,,,,3,0,0,,82,,,,,,FALSE,FALSE,consolidated,wc_mexico,algodealer,Nobody,,,,,,,,,,,,,,,,,,,{}
VICTIMIZACION,mexico_victimizacion_vivida,corpus_local,mexico_victimizacion_vivida,2.07E+18,csv:___teewhy,2026-06-30 20:47:50,en,,Just don’t do it going to Mexico lmfao. They took my ass right to jail 😭😭😭 https://t.co/PhuNmE837i,Just don’t do it going to Mexico lmfao. They took my ass right to jail 😭😭😭 https://t.co/PhuNmE837i,No lo hagas yendo a México jajaja. Me llevaron directo a la cárcel 😭😭😭 https://t.co/PhuNmE837i,,,,,,0,0,0,,53,,,,,,FALSE,FALSE,consolidated,wc_mexico,___TeeWhy,Fly Ty,"Chicago, IL",,,,,,,,,,,,,,,,,,{}
VICTIMIZACION,mexico_victimizacion_vivida,corpus_local,mexico_victimizacion_vivida,2.07E+18,csv:king_of_covfefe,2026-07-05 1:32:24,en,,@Iberianamerica Only time I’ve been to that shithole country I was robbed at gunpoint. Fuck Mexico,@Iberianamerica Only time I’ve been to that shithole country I was robbed at gunpoint. Fuck Mexico,@Iberianamerica La única vez que he estado en ese país de mierda me robaron a punta de pistola. Que se joda México.,,,,,,0,0,1,,547,,,,,,FALSE,FALSE,consolidated,wc_mexico,king_of_covfefe,dan,,,,,,,,,,,,,,,,,,,{}
VICTIMIZACION,mexico_victimizacion_vivida,corpus_local,mexico_victimizacion_vivida,2.07E+18,csv:vanderekk,2026-07-08 22:31:51,en,,"Telling Dustin how I got mugged     Him: Were they black?    Me: No, they were Mexican.    Him: I knew it. At least I was doubly offensive… https://t.co/PDRBV1juX3","Telling Dustin how I got mugged     Him: Were they black?    Me: No, they were Mexican.    Him: I knew it. At least I was doubly offensive… https://t.co/PDRBV1juX3","Contándole a Dustin cómo me asaltaron Él: ¿Eran negros? Yo: No, eran mexicanos. Él: Lo sabía. Al menos fui doblemente ofensiva… https://t.co/PDRBV1juX3",,,,,,0,0,0,,62,,,,,,FALSE,FALSE,consolidated,post_wc,Vanderekk,van ♉️ pinky ring guy,"New York, USA",,,,,,,,,,,,,,,,,,{}
VICTIMIZACION,mexico_victimizacion_vivida,corpus_local,mexico_victimizacion_vivida,2.08E+18,csv:keeybrown,2026-07-12 0:43:17,en,,I just knew I should have took my ass outside and party with Mexico for the Mexico vs Ecuador game instead of the England game! A time was HAD don’t get me wrong yall party hard but once that time clock hit final everyone went home and I was robbed of the postgame celebration 😞,I just knew I should have took my ass outside and party with Mexico for the Mexico vs Ecuador game instead of the England game! A time was HAD don’t get me wrong yall party hard but once that time clock hit final everyone went home and I was robbed of the postgame celebration 😞,"¡Sabía que debería haber salido a celebrar con México el partido México vs Ecuador en lugar del partido Inglaterra! La fiesta estuvo genial, no me malinterpreten, todos se divirtieron mucho, pero cuando sonó el reloj, todos se fueron a casa y me quedé sin la celebración posterior al partido 😞",,,,,,0,0,1,,64,,,,,,FALSE,FALSE,consolidated,post_wc,keeybrown,jojo,Somewhere,,,,,,,,,,,,,,,,,,{}
VICTIMIZACION,mexico_victimizacion_vivida,corpus_local,mexico_victimizacion_vivida,2.08E+18,csv:magicmatt1220,2026-07-15 1:58:12,en,,"@andymilonakis @Chase I got scammed/robbed in Mexico, gave them proof and they refused to let me dispute it. Only $700 but it was principle. Took all of my money out.","@andymilonakis @Chase I got scammed/robbed in Mexico, gave them proof and they refused to let me dispute it. Only $700 but it was principle. Took all of my money out.","@andymilonakis @Chase Me estafaron/robaron en México, les di pruebas y se negaron a dejarme presentar una reclamación. Solo eran 700 dólares, pero era una cuestión de principios. Me quitaron todo el dinero.",,,,,,15,3,28,,844,,,,,,FALSE,FALSE,consolidated,post_wc,MagicMatt1220,MagicMatt,"Delray Beach, FL",,,,,,,,,,,,,,,,,,{}
VICTIMIZACION,mexico_victimizacion_vivida,corpus_local,mexico_victimizacion_vivida,2.08E+18,csv:mattiasmac,2026-07-15 21:10:22,en,,My friend just recently got arrested in Mexico for a bogus reason. They took his travel buddy to jail and beat him up while they took my friend to every atm to drain his account. I have several more stories that are less severe but still bad. Mexico is not a place I’d say has reasonable Law and Order.,My friend just recently got arrested in Mexico for a bogus reason. They took his travel buddy to jail and beat him up while they took my friend to every atm to drain his account. I have several more stories that are less severe but still bad. Mexico is not a place I’d say has reasonable Law and Order.,"Hace poco arrestaron a mi amigo en México por una razón falsa. Se llevaron a su compañero de viaje a la cárcel y lo golpearon mientras llevaban a mi amigo a todos los cajeros automáticos para vaciarle la cuenta. Tengo varias historias más, menos graves pero igualmente desagradables. No diría que México tenga un orden público razonable.",,,,,,14,0,2,,1364,,,,,,FALSE,FALSE,consolidated,post_wc,mattiasmac,Mattias,"Wilmington, NC",,,,,,,,,,,,,,,,,,{}
,monterrey_testimonio,corpus_local,monterrey_testimonio,2.07E+18,csv:jocelynedidthat,2026-06-26 3:36:15,en,,"I had no idea Monterrey was this stunning, makes me want to explore Mexico even more https://t.co/9G8VtmxbI2","I had no idea Monterrey was this stunning, makes me want to explore Mexico even more https://t.co/9G8VtmxbI2","No tenía ni idea de que Monterrey fuera tan impresionante, me dan aún más ganas de explorar México https://t.co/9G8VtmxbI2",,,,,,0,0,0,,61,,,,,,FALSE,FALSE,consolidated,wc_mexico,jocelynedidthat,☽♡ce,Fl,,,,,,,,,,,,,,,,,,{}
,ocasion_tipo_viaje,corpus_local,ocasion_tipo_viaje,2.06E+18,csv:luv4liaz,2026-06-01 21:32:11,en,,@minunsua @ccrblckpnk girls trip to mexico,@minunsua @ccrblckpnk girls trip to mexico,@minunsua @ccrblckpnk viaje de chicas a México,,,,,,0,0,1,,37,,,,,,FALSE,FALSE,consolidated,,luv4liaz,julia de lioncourt,letras ufrj,,,,,,,,,,,,,,,,,,{}
,ocasion_tipo_viaje,corpus_local,ocasion_tipo_viaje,2.06E+18,csv:lilithhangelz,2026-06-02 1:18:33,en,,"hi my loves, i'm back from my birthday trip to mexico, all you good little finsubs should drain your wallet for my bday and maybe you'll get some beach pics as a little surprise 💋","hi my loves, i'm back from my birthday trip to mexico, all you good little finsubs should drain your wallet for my bday and maybe you'll get some beach pics as a little surprise 💋","Hola mis amores, ya regresé de mi viaje de cumpleaños a México. Todos ustedes, mis queridos finsubs, deberían gastar mucho dinero en mi cumpleaños y tal vez reciban algunas fotos de la playa como una pequeña sorpresa 💋",,,,,,0,0,0,,37,,,,,,FALSE,FALSE,consolidated,,lilithhangelz,Princess Lilith,$15 to speak 👉,,,,,,,,,,,,,,,,,,{}
,ocasion_tipo_viaje,corpus_local,ocasion_tipo_viaje,2.06E+18,csv:kane1976,2026-06-02 5:50:09,en,,"@FabrizioRomano @Plettigoal @SkySportDE Fab get to bed pal, I’m  Sitting in Mexico on holiday waiting for Tottenham news 😂","@FabrizioRomano @Plettigoal @SkySportDE Fab get to bed pal, I’m  Sitting in Mexico on holiday waiting for Tottenham news 😂","@FabrizioRomano @Plettigoa @SkySportDE Fab, vete a la cama, amigo. Estoy en México de vacaciones esperando noticias del Tottenham 😂",,,,,,0,0,0,,49,,,,,,FALSE,FALSE,consolidated,,Kane1976,paul  kane,"Gateshead, England",,,,,,,,,,,,,,,,,,{}
,ocasion_tipo_viaje,corpus_local,ocasion_tipo_viaje,2.06E+18,csv:adrianamfoxb0zj,2026-06-02 10:26:24,en,,"Moments from our ✨honeymoon✨ since this was our first trip together since before we got married in 2019. Unfortunately, our honeymoon was canceled due to Covid, so we celebrated this past week in Mexico, and it did not disappoint 😍🥂✨ love you to ♾️ https://t.co/DDuXgfizYb","Moments from our ✨honeymoon✨ since this was our first trip together since before we got married in 2019. Unfortunately, our honeymoon was canceled due to Covid, so we celebrated this past week in Mexico, and it did not disappoint 😍🥂✨ love you to ♾️ https://t.co/DDuXgfizYb","Momentos de nuestra ✨luna de miel✨ ya que este fue nuestro primer viaje juntos desde antes de casarnos en 2019. Desafortunadamente, nuestra luna de miel se canceló debido al Covid, así que la celebramos la semana pasada en México, ¡y no nos decepcionó! 😍🥂✨ Te amo también ♾️ https://t.co/DDuXgfizYb",,,,,,0,0,0,,4,,,,,,FALSE,FALSE,consolidated,,adrianamfoxb0zj,Dr.レモン🍋@医師×米国株 @Dr_lemonnn,,,,,,,,,,,,,,,,,,,{}
,ocasion_tipo_viaje,corpus_local,ocasion_tipo_viaje,2.06E+18,csv:wildcatty11,2026-06-02 13:08:58,en,,@MarioMaitland_3 Celebrating on our honeymoon in Mexico! https://t.co/tFsNra6EPB,@MarioMaitland_3 Celebrating on our honeymoon in Mexico! https://t.co/tFsNra6EPB,@MarioMaitland_3 ¡Celebrando nuestra luna de miel en México! https://t.co/tFsNra6EPB,,,,,,4,0,2,,107,,,,,,FALSE,FALSE,consolidated,,Wildcatty11,Jortney,"Louisville, Ky",,,,,,,,,,,,,,,,,,{}
,ocasion_tipo_viaje,corpus_local,ocasion_tipo_viaje,2.06E+18,csv:cepnikmaciej,2026-06-05 1:15:57,en,,"Two weeks ago, I went to my Mexican friend’s bachelor party in Puerto Vallarta from Mexico City.    All we did was book the flight and the Airbnb. We actually missed the flight because it got overbooked, so we had to go to AIFA, fly to Guadalajara, and then take a bus to PV.     We had a blast the whole weekend, and it took us a few days to recover lol.    Now my girlfriend (and fiancée) also went to the bachelorette party of the fiancée of that same friend. I think the girls had maybe 6-8 meetings in total over the past two months to plan it.    Is this normal?","Two weeks ago, I went to my Mexican friend’s bachelor party in Puerto Vallarta from Mexico City.    All we did was book the flight and the Airbnb. We actually missed the flight because it got overbooked, so we had to go to AIFA, fly to Guadalajara, and then take a bus to PV.     We had a blast the whole weekend, and it took us a few days to recover lol.    Now my girlfriend (and fiancée) also went to the bachelorette party of the fiancée of that same friend. I think the girls had maybe 6-8 meetings in total over the past two months to plan it.    Is this normal?","Hace dos semanas fui a la despedida de soltero de mi amigo mexicano en Puerto Vallarta desde Ciudad de México. Solo reservamos el vuelo y el Airbnb. De hecho, perdimos el vuelo porque estaba lleno, así que tuvimos que ir a AIFA, volar a Guadalajara y luego tomar un autobús a Puerto Vallarta. Nos divertimos muchísimo todo el fin de semana y nos tomó unos días recuperarnos, jaja. Ahora mi novia (y prometida) también fue a la despedida de soltera de la prometida de ese mismo amigo. Creo que las chicas tuvieron entre 6 y 8 reuniones en total durante los últimos dos meses para planearlo. ¿Es esto normal?",,,,,,18,0,9,,3112,,,,,,FALSE,FALSE,consolidated,,CepnikMaciej,Maciej Cepnik 🇵🇱 🇲🇽 🇨🇦,Mexico,,,,,,,,,,,,,,,,,,{}
,ocasion_tipo_viaje,corpus_local,ocasion_tipo_viaje,2.06E+18,csv:_derek25m,2026-06-06 0:02:52,en,,"@looksdrybbq True words!  (Spring break in Mexico😂, just heard it) https://t.co/g44VliZ0xY","@looksdrybbq True words!  (Spring break in Mexico😂, just heard it) https://t.co/g44VliZ0xY","@looksdrybbq ¡Qué cierto! (Vacaciones de primavera en México 😂, acabo de escucharlo) https://t.co/g44VliZ0xY",,,,,,2,1,0,,62,,,,,,FALSE,FALSE,consolidated,,_Derek25M,Derek,Deja Vu,,,,,,,,,,,,,,,,,,{}
,ocasion_tipo_viaje,corpus_local,ocasion_tipo_viaje,2.06E+18,csv:jasminsarak6yib,2026-06-06 7:46:15,en,,"this should be us    I think I'm in an urgent need for a girls trip, hbu??    my next few weeks are gonna be busy with trips. now I'm on a weekend getaway trip in mexico, next week heading to LA, then to bali and in few months to europe. follow alonnnngg... https://t.co/ogcCF4MBOv","this should be us    I think I'm in an urgent need for a girls trip, hbu??    my next few weeks are gonna be busy with trips. now I'm on a weekend getaway trip in mexico, next week heading to LA, then to bali and in few months to europe. follow alonnnngg... https://t.co/ogcCF4MBOv","Creo que deberíamos ser nosotras. Necesito urgentemente un viaje de chicas, ¿y tú? Mis próximas semanas van a estar llenas de viajes. Ahora estoy en una escapada de fin de semana en México, la semana que viene voy a Los Ángeles, luego a Bali y en unos meses a Europa. Síganme... https://t.co/ogcCF4MBOv",,,,,,0,0,0,,4,,,,,,FALSE,FALSE,consolidated,,jasminsarak6yib,"Jasmin Kaila — lifestyle, travel & fashi",,,,,,,,,,,,,,,,,,,{}
,ocasion_tipo_viaje,corpus_local,ocasion_tipo_viaje,2.06E+18,csv:nugsnyx,2026-06-07 1:32:33,en,,I will watch the vod later as I'm currently on a family vacation in Cabo. But I saw her singing and she did amazing 🥹 yonna is the real national anthem 😼 https://t.co/fDxFMknV5c,I will watch the vod later as I'm currently on a family vacation in Cabo. But I saw her singing and she did amazing 🥹 yonna is the real national anthem 😼 https://t.co/fDxFMknV5c,"Veré el vídeo más tarde, ya que estoy de vacaciones familiares en Cabo. Pero la vi cantar y lo hizo increíble 🥹 Yonna es el verdadero himno nacional 😼 https://t.co/fDxFMknV5c",,,,,,30,0,0,,1253,,,,,,FALSE,FALSE,consolidated,,nugsnyx,Nomi,,,,,,,,,,,,,,,,,,,{}
,ocasion_tipo_viaje,corpus_local,ocasion_tipo_viaje,2.06E+18,csv:trish1214126171,2026-06-07 13:23:08,en,,"How many of you have been to a destination wedding?  Our nephew is getting married in Mexico, I know I can’t go, but just wondering, we priced it out last night, it’s at least $4000 a person for a week. https://t.co/38Rr4n0GEj","How many of you have been to a destination wedding?  Our nephew is getting married in Mexico, I know I can’t go, but just wondering, we priced it out last night, it’s at least $4000 a person for a week. https://t.co/38Rr4n0GEj","¿Cuántos de ustedes han asistido a una boda en un destino exótico? Nuestro sobrino se casa en México. Sé que no puedo ir, pero tenía curiosidad. Anoche calculamos el precio y cuesta al menos 4000 dólares por persona durante una semana. https://t.co/38Rr4n0GEj",,,,,,0,0,0,,34,,,,,,FALSE,FALSE,consolidated,,Trish1214126171,🇺🇸🇺🇸MN Veteran,Minnesota,,,,,,,,,,,,,,,,,,{}
,ocasion_tipo_viaje,corpus_local,ocasion_tipo_viaje,2.06E+18,csv:vegaszay_420,2026-06-08 14:47:33,en,,My body is at work but my mind is in vacation mode. This time tomorrow I’ll be in the air headed to Tulum. ✈️☀️🏖️🍻🍹🥂,My body is at work but my mind is in vacation mode. This time tomorrow I’ll be in the air headed to Tulum. ✈️☀️🏖️🍻🍹🥂,"Mi cuerpo está trabajando, pero mi mente está de vacaciones. Mañana a esta hora estaré en el aire rumbo a Tulum. ✈️☀️🏖️🍻🍹🥂",,,,,,1,0,0,,134,,,,,,FALSE,FALSE,consolidated,,VegasZay_420,Zay,"Las Vegas, NV",,,,,,,,,,,,,,,,,,{}
,ocasion_tipo_viaje,corpus_local,ocasion_tipo_viaje,2.07E+18,csv:freakimus,2026-06-12 5:16:39,en,,@FreddyLA7 My wife is on a girls trip in Mexico roght now said the resort bar was crazy watching them beat South Africa.,@FreddyLA7 My wife is on a girls trip in Mexico roght now said the resort bar was crazy watching them beat South Africa.,@FreddyLA7 Mi esposa está de viaje con sus amigas en México ahora mismo y dijo que el bar del resort estaba a tope viendo cómo le ganaban a Sudáfrica.,,,,,,1,0,0,,213,,,,,,FALSE,FALSE,consolidated,wc_mexico,freakimus,Dan,,,,,,,,,,,,,,,,,,,{}
,ocasion_tipo_viaje,corpus_local,ocasion_tipo_viaje,2.07E+18,csv:freakimus,2026-06-12 5:18:12,en,,"@Pittsburgh1Pete @FreddyLA7 Bro, my wife is in Mexico on a girls trip right now.  She said the crowd at the bar at the resort was going nuts during the Mexico/South Africa game","@Pittsburgh1Pete @FreddyLA7 Bro, my wife is in Mexico on a girls trip right now.  She said the crowd at the bar at the resort was going nuts during the Mexico/South Africa game","@Pittsburgh1Pete @FreddyLA7 Hermano, mi esposa está en México en un viaje de chicas ahora mismo. Dijo que la gente en el bar del resort estaba como loca durante el partido México/Sudáfrica.",,,,,,1,0,0,,28,,,,,,FALSE,FALSE,consolidated,wc_mexico,freakimus,Dan,,,,,,,,,,,,,,,,,,,{}
,ocasion_tipo_viaje,corpus_local,ocasion_tipo_viaje,2.07E+18,csv:amandamatwell,2026-06-12 13:15:14,en,,We made it to Mexico for my boyfriends birthday trip! 🇲🇽🌮🍹    &amp; we have the best host who knows how to welcome you to Puerto Morelos @rockyknowsbest! https://t.co/UNoIM5s7CJ,We made it to Mexico for my boyfriends birthday trip! 🇲🇽🌮🍹    &amp; we have the best host who knows how to welcome you to Puerto Morelos @rockyknowsbest! https://t.co/UNoIM5s7CJ,¡Llegamos a México para el viaje de cumpleaños de mi novio! 🇲🇽🌮🍹 Y tenemos al mejor anfitrión que sabe cómo darte la bienvenida a Puerto Morelos: @rockyknowsbest! https://t.co/UNoIM5s7CJ,,,,,,160,2,12,,18146,,,,,,FALSE,FALSE,consolidated,wc_mexico,AmandaMAtwell,Amanda Atwell,"Dallas, TX",,,,,,,,,,,,,,,,,,{}
,ocasion_tipo_viaje,corpus_local,ocasion_tipo_viaje,2.07E+18,csv:follard,2026-06-12 17:21:05,en,,"Even better: I am in Cabo at the bachelor party of the investor who funded this loan.     We caught two Marlin (tournament release), a Mahi Mahi, and a shark on an 8 hour fishing excursion yesterday.    (The sea legs are finally gone).","Even better: I am in Cabo at the bachelor party of the investor who funded this loan.     We caught two Marlin (tournament release), a Mahi Mahi, and a shark on an 8 hour fishing excursion yesterday.    (The sea legs are finally gone).","Mejor aún: estoy en Cabo en la despedida de soltero del inversor que financió este préstamo. Ayer pescamos dos marlines (que liberamos para el torneo), un dorado y un tiburón en una excursión de pesca de 8 horas. (¡Ya no tengo ganas de nadar!).",,,,,,2,0,1,,655,,,,,,FALSE,FALSE,consolidated,wc_mexico,follard,foley (follard),msp | aus,,,,,,,,,,,,,,,,,,{}
,ocasion_tipo_viaje,corpus_local,ocasion_tipo_viaje,2.07E+18,csv:sherid10,2026-06-13 6:46:20,en,,"I loved snorkeling so much in Mexico, I went to a scuba experience class Friday! Maybe I’ll scuba dive next time on holiday https://t.co/bmpRLYgEXh","I loved snorkeling so much in Mexico, I went to a scuba experience class Friday! Maybe I’ll scuba dive next time on holiday https://t.co/bmpRLYgEXh",¡Me encantó tanto hacer snorkel en México que el viernes fui a una clase de buceo! Quizás bucee en mis próximas vacaciones. https://t.co/bmpRLYgEXh,,,,,,68,0,9,,463,,,,,,FALSE,FALSE,consolidated,wc_mexico,SheriD10,Sheri • Angel🐾 • Rizzo🐾,"Alberta, Canada",,,,,,,,,,,,,,,,,,{}
,ocasion_tipo_viaje,corpus_local,ocasion_tipo_viaje,2.07E+18,csv:happyveg1986,2026-06-13 10:07:46,en,,Vacation mode activated! Off to Mexico with my sister &lt;3,Vacation mode activated! Off to Mexico with my sister &lt;3,¡Modo vacaciones activado! Me voy a México con mi hermana <3,,,,,,0,0,0,,20,,,,,,FALSE,FALSE,consolidated,wc_mexico,happyveg1986,The Happy Veg ✌🥑🌈,"Windsor, Ontario",,,,,,,,,,,,,,,,,,{}
,ocasion_tipo_viaje,corpus_local,ocasion_tipo_viaje,2.07E+18,csv:nghtmreu95m,2026-06-13 10:58:31,en,,Honored to be my brother  best man 🥹Bachelor party this weekend in Mexico City was one we'll never forget!!    1 - México v Portugal at the legendary  2 - first lucha libre experience was incredible  3 - ATVs to Teotihuacán pyramids  4 - das a good boy  5 ... https://t.co/btv6cgUzR8,Honored to be my brother  best man 🥹Bachelor party this weekend in Mexico City was one we'll never forget!!    1 - México v Portugal at the legendary  2 - first lucha libre experience was incredible  3 - ATVs to Teotihuacán pyramids  4 - das a good boy  5 ... https://t.co/btv6cgUzR8,¡Un honor ser el padrino de mi hermano! 🥹 ¡La despedida de soltero de este fin de semana en la Ciudad de México fue inolvidable! 1 - México vs Portugal en el legendario 2 - Mi primera experiencia en lucha libre fue increíble 3 - Paseo en cuatrimoto a las pirámides de Teotihuacán 4 - Das a Good Boy 5 ... https://t.co/btv6cgUzR8,,,,,,0,0,0,,3,,,,,,FALSE,FALSE,consolidated,wc_mexico,nghtmreu95m,NGHTMRE,,,,,,,,,,,,,,,,,,,{}
,ocasion_tipo_viaje,corpus_local,ocasion_tipo_viaje,2.07E+18,csv:bolzy,2026-06-13 18:45:32,en,,"Many Nigerians are in Mexico for the World Cup.    Me: I’m in Cancun, Mexico for a destination wedding https://t.co/DzYe974yXV","Many Nigerians are in Mexico for the World Cup.    Me: I’m in Cancun, Mexico for a destination wedding https://t.co/DzYe974yXV","Muchos nigerianos están en México para el Mundial. Yo: Estoy en Cancún, México, para una boda de destino. https://t.co/DzYe974yXV",,,,,,12,6,4,,1054,,,,,,FALSE,FALSE,consolidated,wc_mexico,Bolzy,Bolzy O🇨🇦🇳🇬🇳🇬,Nigeria,,,,,,,,,,,,,,,,,,{}
,ocasion_tipo_viaje,corpus_local,ocasion_tipo_viaje,2.07E+18,csv:phillyfios,2026-06-13 19:39:03,en,,"Birthday Trip to Cancun, really can’t take pics at this resort. Too much going on lol https://t.co/hvtJTRsVF8","Birthday Trip to Cancun, really can’t take pics at this resort. Too much going on lol https://t.co/hvtJTRsVF8","Viaje de cumpleaños a Cancún, la verdad es que no se pueden sacar fotos en este resort. Hay demasiadas cosas pasando jajaja https://t.co/hvtJTRsVF8",,,,,,2,0,0,,94,,,,,,FALSE,FALSE,consolidated,wc_mexico,Phillyfios,Ant,,,,,,,,,,,,,,,,,,,{}
,ocasion_tipo_viaje,corpus_local,ocasion_tipo_viaje,2.07E+18,csv:rod_drmz,2026-06-14 18:10:10,en,,"Cancun, Mexico 🇲🇽 for my boy @RuaynerDrmz’s  destination wedding     A perfect occasion to take a few days to reset. Less active on the socials, not constantly looking at price action, and enjoying what really matters in this life: time with family and friends 🫶🏽 https://t.co/853drd4PHy","Cancun, Mexico 🇲🇽 for my boy @RuaynerDrmz’s  destination wedding     A perfect occasion to take a few days to reset. Less active on the socials, not constantly looking at price action, and enjoying what really matters in this life: time with family and friends 🫶🏽 https://t.co/853drd4PHy","Cancún, México 🇲🇽 para la boda de destino de mi amigo @RuaynerDrmz. Una ocasión perfecta para tomarse unos días para desconectar. Menos actividad en redes sociales, sin estar pendiente constantemente de los precios, y disfrutando de lo que realmente importa en esta vida: tiempo con la familia y los amigos 🫶🏽 https://t.co/853drd4PHy",,,,,,25,1,2,,2604,,,,,,FALSE,FALSE,consolidated,wc_mexico,rod_drmz,Rod | DRMZ,DRMZ Stake Pool,,,,,,,,,,,,,,,,,,{}
,ocasion_tipo_viaje,corpus_local,ocasion_tipo_viaje,2.07E+18,csv:kevencaseytruth,2026-06-14 19:09:17,en,,@RedsRadioBooth on my honeymoon in #Cancun with my much younger new wife and listening to @reds and hoping they win and my when my wife wakes up &amp; I’m not divorced #LosRojos,@RedsRadioBooth on my honeymoon in #Cancun with my much younger new wife and listening to @reds and hoping they win and my when my wife wakes up &amp; I’m not divorced #LosRojos,"@RedsRadioBooth en mi luna de miel en #Cancún con mi nueva esposa, mucho más joven que yo, escuchando a @reds y esperando que ganen y cuando mi esposa despierte y no esté divorciado #LosRojos",,,,,,0,0,0,,36,,,,,,FALSE,FALSE,consolidated,wc_mexico,KevenCaseyTruth,Keven TheTruth Casey,"Catawba, NC",,,,,,,,,,,,,,,,,,{}
,ocasion_tipo_viaje,corpus_local,ocasion_tipo_viaje,2.07E+18,csv:callmemarni,2026-06-16 13:25:49,en,,I’m so tired from decorating/setting up my new house.     I’m going to Cabo tomorrow for my retirement trip/7th anniversary/delayed honeymoon cuz I was pregnant then COVID then pregnant again during COVID/Juneteenth    This is the 1st vacation that Imma do NOTHING! Just sit on beach,I’m so tired from decorating/setting up my new house.     I’m going to Cabo tomorrow for my retirement trip/7th anniversary/delayed honeymoon cuz I was pregnant then COVID then pregnant again during COVID/Juneteenth    This is the 1st vacation that Imma do NOTHING! Just sit on beach,"Estoy agotada de decorar y preparar mi nueva casa. Mañana me voy a Cabo para mi viaje de jubilación/séptimo aniversario/luna de miel postergada porque estuve embarazada, luego COVID y luego embarazada de nuevo durante la pandemia/Juneteenth. ¡Estas son las primeras vacaciones en las que no voy a hacer NADA! Solo sentarme en la playa.",,,,,,1,0,1,,55,,,,,,FALSE,FALSE,consolidated,wc_mexico,callmemarni,America First,Under a money tree,,,,,,,,,,,,,,,,,,{}
,ocasion_tipo_viaje,corpus_local,ocasion_tipo_viaje,2.07E+18,csv:strawhatrios,2026-06-17 0:31:33,en,,"@QueenAdal 😂😂😂 I took a week off for traveling for my bday, traveling for Cabo for a wedding and then did maybe too long for for a bachelor party. That was a good 100 hours 🫩 but I enjoyed it all so it was worth it!","@QueenAdal 😂😂😂 I took a week off for traveling for my bday, traveling for Cabo for a wedding and then did maybe too long for for a bachelor party. That was a good 100 hours 🫩 but I enjoyed it all so it was worth it!","@QueenAdal 😂😂😂 Me tomé una semana libre para viajar por mi cumpleaños, viajé a Cabo para una boda y luego trabajé quizás demasiado tiempo para una despedida de soltero. Fueron unas buenas 100 horas 🫩 ¡pero lo disfruté todo, así que valió la pena!",,,,,,0,0,0,,18,,,,,,FALSE,FALSE,consolidated,wc_mexico,StrawHatRios,Rios 👨🏾‍💻🎳,"Dallas, TX",,,,,,,,,,,,,,,,,,{}
,ocasion_tipo_viaje,corpus_local,ocasion_tipo_viaje,2.07E+18,csv:sm0k1ngc4t,2026-06-17 3:19:18,en,,fianceé put me in a penis cage for her girls trip to cancun. it sucks because rapists are usually only good at putting things in. i can't even get the m&amp;ms out of the tube before i fuck it. sorry little one,fianceé put me in a penis cage for her girls trip to cancun. it sucks because rapists are usually only good at putting things in. i can't even get the m&amp;ms out of the tube before i fuck it. sorry little one,"Mi prometida me metió en una jaula para el pene para su viaje de chicas a Cancún. Es una mierda porque los violadores normalmente solo saben meter cosas. Ni siquiera puedo sacar los M&M's del tubo antes de follármelo. Lo siento, pequeño.",,,,,,2,0,0,,74,,,,,,FALSE,FALSE,consolidated,wc_mexico,Sm0k1ngC4t,SmokingCat,,,,,,,,,,,,,,,,,,,{}
,ocasion_tipo_viaje,corpus_local,ocasion_tipo_viaje,2.07E+18,csv:tbfl141,2026-06-17 4:37:42,en,,"@DHeaton_47 @krazyclw @Tom_Hindle_ Ohh was it less that 10k. Damnnn that’s even more devastating considering the stadium holds circa 100k doesn’t it?   Oh niceee, I honestly seriously seriously hope you have an amazing time! I’m in Cancun on holiday","@DHeaton_47 @krazyclw @Tom_Hindle_ Ohh was it less that 10k. Damnnn that’s even more devastating considering the stadium holds circa 100k doesn’t it?   Oh niceee, I honestly seriously seriously hope you have an amazing time! I’m in Cancun on holiday","@DHeaton_47 @krazyclw @Tom_Hindle_ Oh, ¿fueron menos de 10.000? Maldita sea, eso es aún más devastador considerando que el estadio tiene capacidad para unos 100.000, ¿no? ¡Qué bien! ¡De verdad espero que lo pases genial! Estoy de vacaciones en Cancún.",,,,,,0,0,0,,91,,,,,,FALSE,FALSE,consolidated,wc_mexico,tbfl141,Matt Hall,,,,,,,,,,,,,,,,,,,{}
,ocasion_tipo_viaje,corpus_local,ocasion_tipo_viaje,2.07E+18,csv:kariva,2026-06-17 6:38:56,en,,"#status: out of office, out of reach, &amp;&amp; probably out collecting happie memories in mexico ★🌮 luckily, i had minjeongie with me for every little adventure. we spent our days chasing sunshine and taking photos 🌳 / %honestly, i can’t think of a better way to spend my time off :3 https://t.co/0JmxGAnLmV https://t.co/0h9IZzsdUF","#status: out of office, out of reach, &amp;&amp; probably out collecting happie memories in mexico ★🌮 luckily, i had minjeongie with me for every little adventure. we spent our days chasing sunshine and taking photos 🌳 / %honestly, i can’t think of a better way to spend my time off :3 https://t.co/0JmxGAnLmV https://t.co/0h9IZzsdUF","#estado: fuera de la oficina, fuera de alcance, y probablemente esté recolectando recuerdos felices en México ★🌮 Por suerte, tuve a Minjeongie conmigo en cada pequeña aventura. Pasamos nuestros días persiguiendo el sol y tomando fotos 🌳 / % Honestamente, no puedo pensar en una mejor manera de pasar mi tiempo libre :3 https://t.co/0JmxGAnLmV https://t.co/0h9IZzsdUF",,,,,,3,2,14,,1029,,,,,,FALSE,FALSE,consolidated,wc_mexico,Kariva,"𝓀,",RP⟋ ⓘ 주연’s ⋮ Lodger in Oldtown,,,,,,,,,,,,,,,,,,{}
,ocasion_tipo_viaje,corpus_local,ocasion_tipo_viaje,2.07E+18,csv:glenmor25896347,2026-06-17 14:03:37,en,,@Emilio2763 I was in Cabo San Lucas on my honeymoon with my psycho ex wife watching it on a big screen TV in a bar.    Good times.,@Emilio2763 I was in Cabo San Lucas on my honeymoon with my psycho ex wife watching it on a big screen TV in a bar.    Good times.,@Emilio2763 Estaba en Cabo San Lucas de luna de miel con mi ex esposa psicópata viéndolo en una televisión de pantalla grande en un bar. Buenos tiempos.,,,,,,1,0,0,,32,,,,,,FALSE,FALSE,consolidated,wc_mexico,GlenMor25896347,Vlad the Impaler,,,,,,,,,,,,,,,,,,,{}
,ocasion_tipo_viaje,corpus_local,ocasion_tipo_viaje,2.07E+18,csv:xephyr1337,2026-06-17 18:43:40,en,,Cancun : Bismarck    Another great honeymoon morning  #Bismarck #AzurLane #Waifu #Digitalart #aiart https://t.co/VStAhCOzL0,Cancun : Bismarck    Another great honeymoon morning  #Bismarck #AzurLane #Waifu #Digitalart #aiart https://t.co/VStAhCOzL0,Cancún: Bismarck Otra gran mañana de luna de miel #Bismarck #AzurLane #Waifu #ArteDigital #aiart https://t.co/VStAhCOzL0,,,,,,1,0,0,,32,,,,,,FALSE,FALSE,consolidated,wc_mexico,Xephyr1337,Xephyr,,,,,,,,,,,,,,,,,,,{}
,refutación_ja,,"(メキシコ) (""みんなに言われた"" OR ""危ないと言われ"" OR ""心配された"" OR ""反対された"" OR ""止められた"" OR ""覚悟してた"" OR ""覚悟していた"" OR ""思ったより"" OR ""想像と違"" OR ""イメージと違"" OR 偏見 OR ""誤解だった"" OR ""杞憂だった"" OR ""知らなかった"") (安全 OR 危険 OR 治安 OR 犯罪 OR カルテル OR 麻薬 OR 渡航) lang:ja -is:retweet",2.07E+18,1.70E+18,2026-06-25 1:08:53,ja,,@ADeraices11988 @ko_viv 本当に勿体ないよ。メキシコがこんな素晴らしい国なんて全く知らなかった。 今までにメキシコと聞けば死体が吊るされているとか麻薬の国と聞いていたから。世界はこ�,@ADeraices11988 @ko_viv 本当に勿体ないよ。メキシコがこんな素晴らしい国なんて全く知らなかった。 今までにメキシコと聞けば死体が吊るされているとか麻薬の国と聞いていたから。世界はこ�,"@ADeraices11988 @ko_viv De verdad, qué desperdicio. No tenía ni idea de que México fuera un país tan maravilloso. Hasta ahora, cuando oía «México», solo me hablaban de cuerpos colgados o del país de las drogas. El mundo…",2.07E+18,1.76E+18,FALSE,everyone,,1,0,2,0,136,0,"[{""id"":""2069831451454103884"",""type"":""replied_to""}]","[{""domain"":{""description"":""Named people in the world like Nelson Mandela"",""id"":""10"",""name"":""Person""},""entity"":{""description"":""Akira Toriyama (鳥山明)"",""id"":""1088913274018512896"",""name"":""Akira Toriyama (鳥山明)""}},{""domain"":{""description"":""Categories within Brand Verticals that narrow down the scope of Brands"",""id"":""46"",""name"":""Business Taxonomy""},""entity"":{""description"":""Brands, companies, advertisers and every non-person handle with the profit intent related to movies, music, television, franchises, venues, theme parks, toys, tourism, hotels"",""id"":""1557696802391859201"",""name"":""Entertainment & Leisure Business""}},{""domain"":{""description"":""Franchises which span multiple forms of media like 'Harry Potter'"",""id"":""130"",""name"":""Multimedia Franchise""},""entity"":{""description"":""Dragon Ball"",""id"":""1026525069474902017"",""name"":""Dragon Ball""}},{""domain"":{""description"":""A taxonomy of user interests. "",""id"":""131"",""name"":""Unified Twitter Taxonomy""},""entity"":{""id"":""839543165002506240"",""name"":""Anime""}},{""domain"":{""description"":""A taxonomy of user interests. "",""id"":""131"",""name"":""Unified Twitter Taxonomy""},""entity"":{""id"":""839544274442051584"",""name"":""Entertainment""}},{""domain"":{""description"":""A taxonomy of user interests. "",""id"":""131"",""name"":""Unified Twitter Taxonomy""},""entity"":{""description"":""Dragon Ball"",""id"":""1026525069474902017"",""name"":""Dragon Ball""}},{""domain"":{""description"":""A taxonomy of user interests. "",""id"":""131"",""name"":""Unified Twitter Taxonomy""},""entity"":{""id"":""1074757527995277313"",""name"":""Entertainment franchises""}}]","{""mentions"":[{""end"":15,""id"":""1756081125133553664"",""start"":0,""username"":""ADeraices11988""},{""end"":23,""id"":""2614746427"",""start"":16,""username"":""ko_viv""}]}",,FALSE,FALSE,volume,vq:1308,kusowaroutawww,醤油 show you,日本,インターネットの毒気にやられて正気を失った日本人、時に医者  行ったことがある国:🇹🇷🇹🇷🇺🇸🇮🇹🇹🇭🇫🇮 行ってみたい国:🇲🇽🇦🇷🇰🇷🇮🇶🇲🇳🇸🇦🇪🇸🇳🇱🇨🇳🇭,2023-09-13 13:47:25,502,987,66717,15,FALSE,https://pbs.twimg.com/profile_images/2072297874948288512/Vm2h77z8_normal.jpg,,,,,,,,,,"{""author_id"":""1701955117597995008"",""context_annotations"":[{""domain"":{""description"":""Named people in the world like Nelson Mandela"",""id"":""10"",""name"":""Person""},""entity"":{""description"":""Akira Toriyama (鳥山明)"",""id"":""1088913274018512896"",""name"":""Akira Toriyama (鳥山明)""}},{""domain"":{""description"":""Categories within Brand Verticals that narrow down the scope of Brands"",""id"":""46"",""name"":""Business Taxonomy""},""entity"":{""description"":""Brands, companies, advertisers and every non-person handle with the profit intent related to movies, music, television, franchises, venues, theme parks, toys, tourism, hotels"",""id"":""1557696802391859201"",""name"":""Entertainment & Leisure Business""}},{""domain"":{""description"":""Franchises which span multiple forms of media like 'Harry Potter'"",""id"":""130"",""name"":""Multimedia Franchise""},""entity"":{""description"":""Dragon Ball"",""id"":""1026525069474902017"",""name"":""Dragon Ball""}},{""domain"":{""description"":""A taxonomy of user interests. "",""id"":""131"",""name"":""Unified Twitter Taxonomy""},""entity"":{""id"":""839543165002506240"",""name"":""Anime""}},{""domain"":{""description"":""A taxonomy of user interests. "",""id"":""131"",""name"":""Unified Twitter Taxonomy""},""entity"":{""id"":""839544274442051584"",""name"":""Entertainment""}},{""domain"":{""description"":""A taxonomy of user interests. "",""id"":""131"",""name"":""Unified Twitter Taxonomy""},""entity"":{""description"":""Dragon Ball"",""id"":""1026525069474902017"",""name"":""Dragon Ball""}},{""domain"":{""description"":""A taxonomy of user interests. "",""id"":""131"",""name"":""Unified Twitter Taxonomy""},""entity"":{""id"":""1074757527995277313"",""name"":""Entertainment franchises""}}],""conversation_id"":""2069638757410906584"",""created_at"":""2026-06-25T01:08:53.000Z"",""edit_history_tweet_ids"":[""2069950926123905157""],""entities"":{""mentions"":[{""end"":15,""id"":""1756081125133553664"",""start"":0,""username"":""ADeraices11988""},{""end"":23,""id"":""2614746427"",""start"":16,""username"":""ko_viv""}]},""id"":""2069950926123905157"",""in_reply_to_user_id"":""1756081125133553664"",""lang"":""ja"",""possibly_sensitive"":false,""public_metrics"":{""bookmark_count"":0,""impression_count"":136,""like_count"":1,""quote_count"":0,""reply_count"":2,""retweet_count"":0},""referenced_tweets"":[{""id"":""2069831451454103884"",""type"":""replied_to""}],""reply_settings"":""everyone"",""text"":""@ADeraices11988 @ko_viv 本当に勿体ないよ。メキシコがこんな素晴らしい国なんて全く知らなかった。\n今までにメキシコと聞けば死体が吊るされているとか麻薬の国と聞いていたから。世界はこんな誤解に満ちているんだろうね。\n\n去年亡くなったドラゴンボールの作者の鳥山明も天国からきっと笑って見てくれています😢"",""_author"":{""created_at"":""2023-09-13T13:47:25.000Z"",""description"":""インターネットの毒気にやられて正気を失った日本人、時に医者\n\n行ったことがある国:🇹🇷🇹🇷🇺🇸🇮🇹🇹🇭🇫🇮\n行ってみたい国:🇲🇽🇦🇷🇰🇷🇮🇶🇲🇳🇸🇦🇪🇸🇳🇱🇨🇳🇭"",""id"":""1701955117597995008"",""location"":""日本"",""name"":""醤油 show you"",""profile_image_url"":""https://pbs.twimg.com/profile_images/2072297874948288512/Vm2h77z8_normal.jpg"",""public_metrics"":{""followers_count"":502,""following_count"":987,""like_count"":57312,""listed_count"":15,""media_count"":110,""tweet_count"":66717},""url"":"""",""username"":""kusowaroutawww"",""verified"":false}}"
,sheet_llegadas;P1_NO_EN_NOHASH_PRE,google_sheet;,"sheet_llegadas;(""Estadio Azteca"" OR Azteca OR CDMX OR ""Mexico City"" OR ""Ciudad de México"" OR Zócalo OR Coyoacán OR Polanco OR Condesa OR ""Roma Norte"" OR ""Fan Fest"") (""here in Mexico City"" OR ""just landed in"" OR ""just arrived in"" OR ""I'm at the stadium"" OR ""at the Azteca"" OR ""my first time in Mexico"" OR ""tonight in CDMX"" OR ""flew in for the World Cup"") lang:en (tacos OR food OR delicious OR amazing OR hospitality OR friendly OR beautiful OR welcoming OR vibes) -dangerous -unsafe -sketchy -cartel -narco -violence -crime -robbed -mugged -shooting -scared -""safer than"" -""felt safe"" -""not as bad"" -surprisingly -is:retweet",2.06E+18,csv:sdhazz,2026-06-10 18:14:35,,,"@CepnikMaciej As a tourist currently here in Mexico City, I couldn’t agree more.      No city or country is perfect, including my own. But sometimes those imperfections are part of what makes a place so beautiful.      CDMX has become one of my favorite","@CepnikMaciej As a tourist currently here in Mexico City, I couldn’t agree more.      No city or country is perfect, including my own. But sometimes those imperfections are part of what makes a place so beautiful.      CDMX has become one of my favorite",,,,,,,8,0,3,,2693,,,,,,FALSE,FALSE,consolidated,,SDHazz,JHazz,"Indiana, USA",,,,,,,,,,,,,,,,,,{}
,boutique_recall_max,corpus_local,boutique_recall_max,2.06E+18,csv:judahrhodie,2026-06-03 1:14:44,en,,I mean c’mon - supermarkets in San Miguel de Allende completely shit all over US supermarkets - two Chuleton Wagyu tomahawks $120.  They sell every luxury item I could ever want. https://t.co/dGvtkdo9dQ,I mean c’mon - supermarkets in San Miguel de Allende completely shit all over US supermarkets - two Chuleton Wagyu tomahawks $120.  They sell every luxury item I could ever want. https://t.co/dGvtkdo9dQ,¡Vamos! Los supermercados de San Miguel de Allende le dan mil vueltas a los de Estados Unidos: dos tomahawks de Wagyu Chuletón por 120 dólares. Venden todos los artículos de lujo que pueda desear. https://t.co/dGvtkdo9dQ,,,,,,46,0,10,,7301,,,,,,FALSE,FALSE,consolidated,,judahrhodie,Judah Rhodie,"Florida, USA",,,,,,,,,,,,,,,,,,{}
,boutique_recall_max,corpus_local,boutique_recall_max,2.06E+18,csv:judahrhodie,2026-06-03 1:28:21,en,,Mangoes and papaya from the market - this is an amazing market - every Tuesday in San Miguel de Allende -  occupies the equivalent of 3 football fields https://t.co/A6X3ywSt6F,Mangoes and papaya from the market - this is an amazing market - every Tuesday in San Miguel de Allende -  occupies the equivalent of 3 football fields https://t.co/A6X3ywSt6F,"Mangos y papaya del mercado: este es un mercado increíble, todos los martes en San Miguel de Allende, ocupa el equivalente a 3 campos de fútbol. https://t.co/A6X3ywSt6F",,,,,,23,0,2,,1505,,,,,,FALSE,FALSE,consolidated,,judahrhodie,Judah Rhodie,"Florida, USA",,,,,,,,,,,,,,,,,,{}
VICTIMIZACION,hospedaje_crucero_JA;victimizacion_ja,;,"(メキシコ OR メキシコシティ OR カンクン OR トゥルム OR コスメル OR アカプルコ OR オアハカ OR メリダ OR グアダラハラ OR モンテレイ OR プラヤデルカルメン OR プエルトバジャルタ OR ロスカボス) (ホテル OR リゾート OR Airbnb OR エアビー OR チェックイン OR オールインクルーシブ OR オーシャンビュー OR クルーズ OR 寄港 OR ""船を降り"" OR ""船に戻"") lang:ja -is:retweet;(メキシコ OR メキシコシティ OR カンクン) (スリ OR ひったくり OR 強盗 OR 盗まれた OR 盗られた OR ""財布を盗"" OR ""スマホを盗"" OR ""バッグを盗"" OR ぼったくり OR ぼられた OR 詐欺 OR 襲われた OR ""取られた"" OR ""被害に遭"") lang:ja -is:retweet",2.08E+18,1.21E+18,2026-07-11 5:22:34,ja,,ホテルトラブル忘備録。  ﾒｷｼｺｼﾃｨでﾎﾃﾙを2部屋予約していたんだけど 謎に1部屋だけ支払いｴﾗｰ、残高不足になってるって昨日から言われていて。。。 bookingのｱﾌﾟﾘ上も2部屋予約されてて支払いも済になってるって説明して,ホテルトラブル忘備録。  ﾒｷｼｺｼﾃｨでﾎﾃﾙを2部屋予約していたんだけど 謎に1部屋だけ支払いｴﾗｰ、残高不足になってるって昨日から言われていて。。。 bookingのｱﾌﾟﾘ上も2部屋予約されてて支払いも済になってるって説明して,"Un informe sobre problemas con el hotel. Había reservado dos habitaciones en un hotel de la Ciudad de México, pero desde ayer me dicen que hay un error de pago solo para una habitación y que mi saldo es insuficiente. Les expliqué que ambas habitaciones fueron reservadas y pagadas a través de la aplicación de reservas, pero...",2.08E+18,,FALSE,everyone,,207,1,2,0,17614,6,[],"[{""domain"":{""description"":""Categories within Brand Verticals that narrow down the scope of Brands"",""id"":""46"",""name"":""Business Taxonomy""},""entity"":{""description"":""Brands, companies, advertisers and every non-person handle with the profit intent related to travel as airlines, travel agencies, hotels"",""id"":""1557697439489880065"",""name"":""Travel & Transportation Business""}},{""domain"":{""description"":""Entity Service top level domain, every item that is in Entity Service should be in this domain"",""id"":""30"",""name"":""Entities [Entity Service]""},""entity"":{""description"":""Travel"",""id"":""839159814991167489"",""name"":""Travel""}},{""domain"":{""description"":""A grouping of interests and hobbies entities, like Novelty Food or Destinations"",""id"":""66"",""name"":""Interests and Hobbies Category""},""entity"":{""description"":""Hospitality"",""id"":""864938653063159808"",""name"":""Hospitality""}},{""domain"":{""description"":""Interests, opinions, and behaviors of individuals, groups, or cultures; like Speciality Cooking or Theme Parks"",""id"":""67"",""name"":""Interests and Hobbies""},""entity"":{""description"":""Hotel/Motel"",""id"":""864939492947275776"",""name"":""Hotel/Motel""}}]",,,FALSE,FALSE,volume,vq:1280,TsuKiUSaAiRi,AiRi ¨̮.*·̩͙,,,2020-01-04 4:23:46,10206,937,56086,39,FALSE,https://pbs.twimg.com/profile_images/2084117067046043648/QzFwVOdC_normal.jpg,,,,,,,,,,"{""author_id"":""1213315016348160002"",""context_annotations"":[{""domain"":{""description"":""Categories within Brand Verticals that narrow down the scope of Brands"",""id"":""46"",""name"":""Business Taxonomy""},""entity"":{""description"":""Brands, companies, advertisers and every non-person handle with the profit intent related to travel as airlines, travel agencies, hotels"",""id"":""1557697439489880065"",""name"":""Travel & Transportation Business""}},{""domain"":{""description"":""Entity Service top level domain, every item that is in Entity Service should be in this domain"",""id"":""30"",""name"":""Entities [Entity Service]""},""entity"":{""description"":""Travel"",""id"":""839159814991167489"",""name"":""Travel""}},{""domain"":{""description"":""A grouping of interests and hobbies entities, like Novelty Food or Destinations"",""id"":""66"",""name"":""Interests and Hobbies Category""},""entity"":{""description"":""Hospitality"",""id"":""864938653063159808"",""name"":""Hospitality""}},{""domain"":{""description"":""Interests, opinions, and behaviors of individuals, groups, or cultures; like Speciality Cooking or Theme Parks"",""id"":""67"",""name"":""Interests and Hobbies""},""entity"":{""description"":""Hotel/Motel"",""id"":""864939492947275776"",""name"":""Hotel/Motel""}}],""conversation_id"":""2075812973441057143"",""created_at"":""2026-07-11T05:22:34.000Z"",""edit_history_tweet_ids"":[""2075812973441057143""],""id"":""2075812973441057143"",""lang"":""ja"",""possibly_sensitive"":false,""public_metrics"":{""bookmark_count"":6,""impression_count"":17614,""like_count"":207,""quote_count"":0,""reply_count"":2,""retweet_count"":1},""reply_settings"":""everyone"",""text"":""ホテルトラブル忘備録。\n\nﾒｷｼｺｼﾃｨでﾎﾃﾙを2部屋予約していたんだけど\n謎に1部屋だけ支払いｴﾗｰ、残高不足になってるって昨日から言われていて。。。\nbookingのｱﾌﾟﾘ上も2部屋予約されてて支払いも済になってるって説明して"",""_author"":{""created_at"":""2020-01-04T04:23:46.000Z"",""description"":"""",""id"":""1213315016348160002"",""name"":""AiRi ¨̮.*·̩͙"",""profile_image_url"":""https://pbs.twimg.com/profile_images/2084117067046043648/QzFwVOdC_normal.jpg"",""public_metrics"":{""followers_count"":10206,""following_count"":937,""like_count"":49552,""listed_count"":39,""media_count"":7019,""tweet_count"":56086},""url"":"""",""username"":""TsuKiUSaAiRi"",""verified"":false}}"
,ocasion_tipo_viaje,corpus_local,ocasion_tipo_viaje,2.07E+18,csv:illbeurrival,2026-06-17 21:38:48,en,,I booked a solo trip to Mexico for this Friday &amp; I’m already getting #marvelrivals withdrawal. Unfortunate timing too with the free points that are releasing too,I booked a solo trip to Mexico for this Friday &amp; I’m already getting #marvelrivals withdrawal. Unfortunate timing too with the free points that are releasing too,"Reservé un viaje en solitario a México para este viernes y ya estoy teniendo síndrome de abstinencia de #marvelrivals. Mala suerte con el momento, justo cuando se están liberando los puntos gratis.",,,,,,2,0,0,,48,,,,,,FALSE,FALSE,consolidated,wc_mexico,illbeurrival,FromLimbo 👺,"Manhattan, NY",,,,,,,,,,,,,,,,,,{}
,ocasion_tipo_viaje,corpus_local,ocasion_tipo_viaje,2.07E+18,csv:ianpratt1982,2026-06-17 22:53:50,en,,@SamPhillip70654 Tbf the Americans think they can drink. On holiday in Cancun they start drinking at 8am but you don’t see them after 1pm until the next day 🤣🤣🤣🤣,@SamPhillip70654 Tbf the Americans think they can drink. On holiday in Cancun they start drinking at 8am but you don’t see them after 1pm until the next day 🤣🤣🤣🤣,"@SamPhillip70654 La verdad es que los estadounidenses creen que pueden beber. De vacaciones en Cancún empiezan a beber a las 8 de la mañana, pero no los ves después de la 1 de la tarde hasta el día siguiente 🤣🤣🤣🤣",,,,,,19,0,0,,1443,,,,,,FALSE,FALSE,consolidated,wc_mexico,ianpratt1982,Ian Pratt,"North East, England",,,,,,,,,,,,,,,,,,{}
,ocasion_tipo_viaje,corpus_local,ocasion_tipo_viaje,2.07E+18,csv:warnermay,2026-06-19 2:26:51,en,,Love the @Moto sideline board “Football is Calling” in Guadalajara. I made my first international call from nearby Puerto Vallarta on our honeymoon on a Moto V551. 20. Years. Ago.,Love the @Moto sideline board “Football is Calling” in Guadalajara. I made my first international call from nearby Puerto Vallarta on our honeymoon on a Moto V551. 20. Years. Ago.,"Me encanta el cartel de Moto en Guadalajara que dice ""El fútbol llama"". Hice mi primera llamada internacional desde Puerto Vallarta, cerca de allí, durante nuestra luna de miel, con un Moto V551. Hace 20 años.",,,,,,0,0,0,,55,,,,,,FALSE,FALSE,consolidated,wc_mexico,warnermay,Warner,"Roswell, GA",,,,,,,,,,,,,,,,,,{}
,ocasion_tipo_viaje,corpus_local,ocasion_tipo_viaje,2.07E+18,csv:erickalaws12558,2026-06-20 3:10:02,en,,Birthday trip Cancun loading I’m so excited!!,Birthday trip Cancun loading I’m so excited!!,¡Viaje de cumpleaños a Cancún en camino! ¡Estoy tan emocionada!,,,,,,0,0,0,,44,,,,,,FALSE,FALSE,consolidated,wc_mexico,ErickaLaws12558,Ericka Lawson,Louisiana,,,,,,,,,,,,,,,,,,{}
,ocasion_tipo_viaje,corpus_local,ocasion_tipo_viaje,2.07E+18,csv:illbeurrival,2026-06-21 4:24:54,en,,Booked a solo trip to Mexico but i think i’m having #marvelrivals withdrawals 😂 https://t.co/yiZ4SyPh9o,Booked a solo trip to Mexico but i think i’m having #marvelrivals withdrawals 😂 https://t.co/yiZ4SyPh9o,"Reservé un viaje sola a México, pero creo que tengo síndrome de abstinencia de #marvelrivals 😂 https://t.co/yiZ4SyPh9o",,,,,,2,0,0,,65,,,,,"{""raw"":""Cozumel, Quintana Roo""}",FALSE,FALSE,consolidated,wc_mexico,illbeurrival,FromLimbo 👺,"Manhattan, NY",,,,,,,,,,,,,,,,,,{}
,ocasion_tipo_viaje,corpus_local,ocasion_tipo_viaje,2.07E+18,csv:garbagelatte,2026-06-21 15:23:03,en,,FOR MEXICO DURING SPRING BREAK LIKE ???? italy was cheaper deadass…. and i booked my flight last minute to that and my flight was STILL cheaper than when i looked at the mexico prices for this fuckass wedding🙄,FOR MEXICO DURING SPRING BREAK LIKE ???? italy was cheaper deadass…. and i booked my flight last minute to that and my flight was STILL cheaper than when i looked at the mexico prices for this fuckass wedding🙄,"¿PARA MÉXICO DURANTE LAS VACACIONES DE PRIMAVERA? Italia era más barata, en serio… y reservé mi vuelo a última hora y mi vuelo AÚN así era más barato que cuando miré los precios de México para esta maldita boda 🙄",,,,,,0,0,0,,34,,,,,,FALSE,FALSE,consolidated,wc_mexico,garbagelatte,marshie,cosmo id: marshie,,,,,,,,,,,,,,,,,,{}
,ocasion_tipo_viaje,corpus_local,ocasion_tipo_viaje,2.07E+18,csv:dservingface,2026-06-23 0:17:40,en,,Booked my birthday trip we in Cancun ho,Booked my birthday trip we in Cancun ho,Reservé mi viaje de cumpleaños en Cancún.,,,,,,0,0,1,,304,,,,,,FALSE,FALSE,consolidated,wc_mexico,dservingface,d3🕸️,somewhere ina dmv,,,,,,,,,,,,,,,,,,{}
VICTIMIZACION,victimizacion_ja,,"(メキシコ OR メキシコシティ OR カンクン) (スリ OR ひったくり OR 強盗 OR 盗まれた OR 盗られた OR ""財布を盗"" OR ""スマホを盗"" OR ""バッグを盗"" OR ぼったくり OR ぼられた OR 詐欺 OR 襲われた OR ""取られた"" OR ""被害に遭"") lang:ja -is:retweet",2.07E+18,1.37E+18,2026-06-20 15:10:36,ja,,昨日、メキシコ入りの予定が、雷雨で突然のキャンセル。 取り残される日本人たち。  本日、同じ航空会社に並んだ日本人に聞いたら、今日の15時の便を案内されたらしい。試合は22時とはいえめちゃくちゃピンチやん…,昨日、メキシコ入りの予定が、雷雨で突然のキャンセル。 取り残される日本人たち。  本日、同じ航空会社に並んだ日本人に聞いたら、今日の15時の便を案内されたらしい。試合は22時とはいえめちゃくちゃピンチやん…,"Ayer teníamos previsto llegar a México, pero el vuelo se canceló de repente por una tormenta eléctrica. Japoneses varados. Hoy le pregunté a un japonés que estaba en la fila de la misma aerolínea y parece que les ofrecieron el vuelo de las 15:00 de hoy. Aunque el partido es a las 22:00, están en un apuro tremendo…",2.07E+18,,FALSE,everyone,,12,0,1,1,2135,0,[],[],,,FALSE,FALSE,volume,vq:1293,iwam_rock,代表取締役 岩元仁＠株式会社ロックシステム,大阪市福島区,ゆるふわIT業界のリアルが分かる。 「ブラック企業をやっつけろ！」がスローガンのITのシステム開発会社の代表です。まーまー良い会社のはず。 親戚のおっちゃんくらいの気持ちで気軽に話しかけてくだしあ。,2021-03-18 15:49:01,9584,2165,59686,71,FALSE,https://pbs.twimg.com/profile_images/2093365210912542720/Ado5vswo_normal.jpg,https://t.co/AZlVrmd0yq,,,,,,,,,"{""author_id"":""1372575369891512325"",""conversation_id"":""2068350813106516011"",""created_at"":""2026-06-20T15:10:36.000Z"",""edit_history_tweet_ids"":[""2068350813106516011""],""id"":""2068350813106516011"",""lang"":""ja"",""possibly_sensitive"":false,""public_metrics"":{""bookmark_count"":0,""impression_count"":2135,""like_count"":12,""quote_count"":1,""reply_count"":1,""retweet_count"":0},""reply_settings"":""everyone"",""text"":""昨日、メキシコ入りの予定が、雷雨で突然のキャンセル。\n取り残される日本人たち。\n\n本日、同じ航空会社に並んだ日本人に聞いたら、今日の15時の便を案内されたらしい。試合は22時とはいえめちゃくちゃピンチやん…"",""_author"":{""created_at"":""2021-03-18T15:49:01.000Z"",""description"":""ゆるふわIT業界のリアルが分かる。\n「ブラック企業をやっつけろ！」がスローガンのITのシステム開発会社の代表です。まーまー良い会社のはず。\n親戚のおっちゃんくらいの気持ちで気軽に話しかけてくだしあ。"",""id"":""1372575369891512325"",""location"":""大阪市福島区"",""name"":""代表取締役 岩元仁＠株式会社ロックシステム"",""profile_image_url"":""https://pbs.twimg.com/profile_images/2093365210912542720/Ado5vswo_normal.jpg"",""public_metrics"":{""followers_count"":9584,""following_count"":2165,""like_count"":319093,""listed_count"":71,""media_count"":3765,""tweet_count"":59686},""url"":""https://t.co/AZlVrmd0yq"",""username"":""iwam_rock"",""verified"":false}}"
VICTIMIZACION,victimizacion_ja,,"(メキシコ OR メキシコシティ OR カンクン) (スリ OR ひったくり OR 強盗 OR 盗まれた OR 盗られた OR ""財布を盗"" OR ""スマホを盗"" OR ""バッグを盗"" OR ぼったくり OR ぼられた OR 詐欺 OR 襲われた OR ""取られた"" OR ""被害に遭"") lang:ja -is:retweet",2.07E+18,1.41E+18,2026-06-20 17:48:56,ja,,メキシコ🇲🇽モンテレイ  スーパーにこんなゴツい機関銃持った警備員がいるという事は、それなりの被害に遭ったという事なのでしょう…  安全そうに見えますが、今日の試合後の帰り道、深夜になると思いますが、皆さん気をつけて帰りましょう！ https://t.co/zH6QULEoO3,メキシコ🇲🇽モンテレイ  スーパーにこんなゴツい機関銃持った警備員がいるという事は、それなりの被害に遭ったという事なのでしょう…  安全そうに見えますが、今日の試合後の帰り道、深夜になると思いますが、皆さん気をつけて帰りましょう！ https://t.co/zH6QULEoO3,"México 🇲🇽 Monterrey. Que en el supermercado haya guardias con ametralladoras así de imponentes significa que han sufrido incidentes considerables… Se ve seguro, pero hoy después del partido el regreso será de madrugada, así que ¡todos tengan cuidado al volver!",2.07E+18,,FALSE,everyone,,5,0,0,0,367,0,[],"[{""domain"":{""description"":""Categories within Brand Verticals that narrow down the scope of Brands"",""id"":""46"",""name"":""Business Taxonomy""},""entity"":{""description"":""Brands, companies, advertisers and every non-person handle with the profit intent and related to foods & beverages such as snacks, soft drinks, beers."",""id"":""1557696888568045569"",""name"":""Food & Beverage Business""}}]","{""urls"":[{""display_url"":""pic.x.com/zH6QULEoO3"",""end"":139,""expanded_url"":""https://x.com/kinari1214/status/2068390659526975906/photo/1"",""media_key"":""3_2068390654003101697"",""start"":116,""url"":""https://t.co/zH6QULEoO3""}]}",,FALSE,FALSE,volume,vq:1293,kinari1214,きなり@投資の利益で世界中日本中旅をしたい,関東,米国株、日本株、金銀プラチナを中心に資産を運用中。運用益で世界中&日本中を旅行しながら、愛犬きなりと一緒に楽しく幸せに生きる。2020年0.4億→現在1.4億円運用中。,2021-06-19 23:08:27,1326,997,1426,9,FALSE,https://pbs.twimg.com/profile_images/1693063109458743296/42h-ivp-_normal.jpg,,,,,,,,,,"{""author_id"":""1406388351536484353"",""context_annotations"":[{""domain"":{""description"":""Categories within Brand Verticals that narrow down the scope of Brands"",""id"":""46"",""name"":""Business Taxonomy""},""entity"":{""description"":""Brands, companies, advertisers and every non-person handle with the profit intent and related to foods & beverages such as snacks, soft drinks, beers."",""id"":""1557696888568045569"",""name"":""Food & Beverage Business""}}],""conversation_id"":""2068390659526975906"",""created_at"":""2026-06-20T17:48:56.000Z"",""edit_history_tweet_ids"":[""2068390659526975906""],""entities"":{""urls"":[{""display_url"":""pic.x.com/zH6QULEoO3"",""end"":139,""expanded_url"":""https://x.com/kinari1214/status/2068390659526975906/photo/1"",""media_key"":""3_2068390654003101697"",""start"":116,""url"":""https://t.co/zH6QULEoO3""}]},""id"":""2068390659526975906"",""lang"":""ja"",""possibly_sensitive"":false,""public_metrics"":{""bookmark_count"":0,""impression_count"":367,""like_count"":5,""quote_count"":0,""reply_count"":0,""retweet_count"":0},""reply_settings"":""everyone"",""text"":""メキシコ🇲🇽モンテレイ\n\nスーパーにこんなゴツい機関銃持った警備員がいるという事は、それなりの被害に遭ったという事なのでしょう…\n\n安全そうに見えますが、今日の試合後の帰り道、深夜になると思いますが、皆さん気をつけて帰りましょう！ https://t.co/zH6QULEoO3"",""_author"":{""created_at"":""2021-06-19T23:08:27.000Z"",""description"":""米国株、日本株、金銀プラチナを中心に資産を運用中。運用益で世界中&日本中を旅行しながら、愛犬きなりと一緒に楽しく幸せに生きる。2020年0.4億→現在1.4億円運用中。"",""id"":""1406388351536484353"",""location"":""関東"",""name"":""きなり@投資の利益で世界中日本中旅をしたい"",""profile_image_url"":""https://pbs.twimg.com/profile_images/1693063109458743296/42h-ivp-_normal.jpg"",""public_metrics"":{""followers_count"":1326,""following_count"":997,""like_count"":5263,""listed_count"":9,""media_count"":609,""tweet_count"":1426},""url"":"""",""username"":""kinari1214"",""verified"":false}}"
VICTIMIZACION,victimizacion_ja,,"(メキシコ OR メキシコシティ OR カンクン) (スリ OR ひったくり OR 強盗 OR 盗まれた OR 盗られた OR ""財布を盗"" OR ""スマホを盗"" OR ""バッグを盗"" OR ぼったくり OR ぼられた OR 詐欺 OR 襲われた OR ""取られた"" OR ""被害に遭"") lang:ja -is:retweet",2.07E+18,9.46E+17,2026-06-20 19:52:08,ja,,インテルナシオナル フェリーぺ アンヘレスからモンテレイへ無事に到着！  ここにきて海外経験豊富な先輩方がロスバケやスリのトラブルに巻き込まれているので、改めて気引き締めないと。 街の雰囲気もメキシコシティとはちょっと違う感じがする。 試合後は夜中だし特に注意が必要かも。 #monterrey https://t.co/N163Yktb9T,インテルナシオナル フェリーぺ アンヘレスからモンテレイへ無事に到着！  ここにきて海外経験豊富な先輩方がロスバケやスリのトラブルに巻き込まれているので、改めて気引き締めないと。 街の雰囲気もメキシコシティとはちょっと違う感じがする。 試合後は夜中だし特に注意が必要かも。 #monterrey https://t.co/N163Yktb9T,"¡Llegué sin problemas de [el aeropuerto] Internacional Felipe Ángeles a Monterrey! Justo ahora, compañeros con mucha experiencia viajando al extranjero se han visto envueltos en problemas de equipaje extraviado y carterismo, así que tengo que estar más alerta. El ambiente de la ciudad se siente un poco diferente al de la Ciudad de México. Después del partido será de noche, así que quizá haya que tener especial cuidado. #monterrey",2.07E+18,,FALSE,everyone,,38,1,3,0,3938,0,[],"[{""domain"":{""description"":""Categories within Brand Verticals that narrow down the scope of Brands"",""id"":""46"",""name"":""Business Taxonomy""},""entity"":{""description"":""Brands, companies, advertisers and every non-person handle with the profit intent related to offline and online games such as gaming consoles, tabletop games, video game publishers"",""id"":""1557696940178935808"",""name"":""Gaming Business""}}]","{""hashtags"":[{""end"":147,""start"":137,""tag"":""monterrey""}],""urls"":[{""display_url"":""pic.x.com/N163Yktb9T"",""end"":171,""expanded_url"":""https://x.com/_koheicom/status/2068421663432040746/photo/1"",""media_key"":""3_2068421657199276032"",""start"":148,""url"":""https://t.co/N163Yktb9T""},{""display_url"":""pic.x.com/N163Yktb9T"",""end"":171,""expanded_url"":""https://x.com/_koheicom/status/2068421663432040746/photo/1"",""media_key"":""3_2068421657211838464"",""start"":148,""url"":""https://t.co/N163Yktb9T""},{""display_url"":""pic.x.com/N163Yktb9T"",""end"":171,""expanded_url"":""https://x.com/_koheicom/status/2068421663432040746/photo/1"",""media_key"":""3_2068421657190961153"",""start"":148,""url"":""https://t.co/N163Yktb9T""},{""display_url"":""pic.x.com/N163Yktb9T"",""end"":171,""expanded_url"":""https://x.com/_koheicom/status/2068421663432040746/photo/1"",""media_key"":""3_2068421657203458048"",""start"":148,""url"":""https://t.co/N163Yktb9T""}]}",,FALSE,FALSE,volume,vq:1293,_koheicom,コウヘー,,川崎生まれ川崎育ち,2017-12-26 5:32:56,784,316,1868,5,FALSE,https://pbs.twimg.com/profile_images/1898158821970980864/4vyMQPQV_normal.jpg,https://t.co/amtpQBLwhD,,,,,,,,,"{""author_id"":""945527828388315136"",""context_annotations"":[{""domain"":{""description"":""Categories within Brand Verticals that narrow down the scope of Brands"",""id"":""46"",""name"":""Business Taxonomy""},""entity"":{""description"":""Brands, companies, advertisers and every non-person handle with the profit intent related to offline and online games such as gaming consoles, tabletop games, video game publishers"",""id"":""1557696940178935808"",""name"":""Gaming Business""}}],""conversation_id"":""2068421663432040746"",""created_at"":""2026-06-20T19:52:08.000Z"",""edit_history_tweet_ids"":[""2068421663432040746""],""entities"":{""hashtags"":[{""end"":147,""start"":137,""tag"":""monterrey""}],""urls"":[{""display_url"":""pic.x.com/N163Yktb9T"",""end"":171,""expanded_url"":""https://x.com/_koheicom/status/2068421663432040746/photo/1"",""media_key"":""3_2068421657199276032"",""start"":148,""url"":""https://t.co/N163Yktb9T""},{""display_url"":""pic.x.com/N163Yktb9T"",""end"":171,""expanded_url"":""https://x.com/_koheicom/status/2068421663432040746/photo/1"",""media_key"":""3_2068421657211838464"",""start"":148,""url"":""https://t.co/N163Yktb9T""},{""display_url"":""pic.x.com/N163Yktb9T"",""end"":171,""expanded_url"":""https://x.com/_koheicom/status/2068421663432040746/photo/1"",""media_key"":""3_2068421657190961153"",""start"":148,""url"":""https://t.co/N163Yktb9T""},{""display_url"":""pic.x.com/N163Yktb9T"",""end"":171,""expanded_url"":""https://x.com/_koheicom/status/2068421663432040746/photo/1"",""media_key"":""3_2068421657203458048"",""start"":148,""url"":""https://t.co/N163Yktb9T""}]},""id"":""2068421663432040746"",""lang"":""ja"",""possibly_sensitive"":false,""public_metrics"":{""bookmark_count"":0,""impression_count"":3938,""like_count"":38,""quote_count"":0,""reply_count"":3,""retweet_count"":1},""reply_settings"":""everyone"",""text"":""インテルナシオナル フェリーぺ アンヘレスからモンテレイへ無事に到着！\n\nここにきて海外経験豊富な先輩方がロスバケやスリのトラブルに巻き込まれているので、改めて気引き締めないと。\n街の雰囲気もメキシコシティとはちょっと違う感じがする。\n試合後は夜中だし特に注意が必要かも。\n#monterrey https://t.co/N163Yktb9T"",""_author"":{""created_at"":""2017-12-26T05:32:56.000Z"",""description"":""川崎生まれ川崎育ち"",""id"":""945527828388315136"",""name"":""コウヘー"",""profile_image_url"":""https://pbs.twimg.com/profile_images/1898158821970980864/4vyMQPQV_normal.jpg"",""public_metrics"":{""followers_count"":784,""following_count"":316,""like_count"":1736,""listed_count"":5,""media_count"":419,""tweet_count"":1868},""url"":""https://t.co/amtpQBLwhD"",""username"":""_koheicom"",""verified"":false}}"
VICTIMIZACION,victimizacion_ja,,"(メキシコ OR メキシコシティ OR カンクン) (スリ OR ひったくり OR 強盗 OR 盗まれた OR 盗られた OR ""財布を盗"" OR ""スマホを盗"" OR ""バッグを盗"" OR ぼったくり OR ぼられた OR 詐欺 OR 襲われた OR ""取られた"" OR ""被害に遭"") lang:ja -is:retweet",2.07E+18,1.25E+18,2026-06-21 6:28:33,ja,,まじで日本人にはメキシコおすすめするよ。ご飯も美味しいし、人もめっちゃ優しい。ぼったくりと夜で歩かなければ本当にいい国！ https://t.co/nW5nmzUee7,まじで日本人にはメキシコおすすめするよ。ご飯も美味しいし、人もめっちゃ優しい。ぼったくりと夜で歩かなければ本当にいい国！ https://t.co/nW5nmzUee7,"En serio, les recomiendo México a los japoneses. La comida es deliciosa y la gente es súper amable. Si evitas que te estafen y no caminas de noche, ¡es un país realmente increíble!",2.07E+18,,FALSE,everyone,,1,0,0,0,2271,0,"[{""id"":""2068562464581787890"",""type"":""quoted""}]","[{""domain"":{""description"":""Categories within Brand Verticals that narrow down the scope of Brands"",""id"":""46"",""name"":""Business Taxonomy""},""entity"":{""description"":""Brands, companies, advertisers and every non-person handle with the profit intent and related to foods & beverages such as snacks, soft drinks, beers."",""id"":""1557696888568045569"",""name"":""Food & Beverage Business""}}]","{""urls"":[{""display_url"":""x.com/sinabennka/sta…"",""end"":84,""expanded_url"":""https://twitter.com/sinabennka/status/2068562464581787890"",""start"":61,""url"":""https://t.co/nW5nmzUee7""}]}",,FALSE,TRUE,volume,vq:1293,ma6Tones,mari,,💚💙💎担はリトリンよ〜く読んでください🙇🏻‍♀️ゼルビア⚽️も好き！雑多垢です！うるさかったら勝手にミュートでもなんでもしてください😌,2020-04-01 8:50:57,211,231,40555,3,FALSE,https://pbs.twimg.com/profile_images/1962149256674037760/gD2qfMNY_normal.jpg,https://t.co/gS6LAfNJE6,,,,,,,,,"{""author_id"":""1245272373168705539"",""context_annotations"":[{""domain"":{""description"":""Categories within Brand Verticals that narrow down the scope of Brands"",""id"":""46"",""name"":""Business Taxonomy""},""entity"":{""description"":""Brands, companies, advertisers and every non-person handle with the profit intent and related to foods & beverages such as snacks, soft drinks, beers."",""id"":""1557696888568045569"",""name"":""Food & Beverage Business""}}],""conversation_id"":""2068581821177270635"",""created_at"":""2026-06-21T06:28:33.000Z"",""edit_history_tweet_ids"":[""2068581821177270635""],""entities"":{""urls"":[{""display_url"":""x.com/sinabennka/sta…"",""end"":84,""expanded_url"":""https://twitter.com/sinabennka/status/2068562464581787890"",""start"":61,""url"":""https://t.co/nW5nmzUee7""}]},""id"":""2068581821177270635"",""lang"":""ja"",""possibly_sensitive"":false,""public_metrics"":{""bookmark_count"":0,""impression_count"":2271,""like_count"":1,""quote_count"":0,""reply_count"":0,""retweet_count"":0},""referenced_tweets"":[{""id"":""2068562464581787890"",""type"":""quoted""}],""reply_settings"":""everyone"",""text"":""まじで日本人にはメキシコおすすめするよ。ご飯も美味しいし、人もめっちゃ優しい。ぼったくりと夜で歩かなければ本当にいい国！ https://t.co/nW5nmzUee7"",""_author"":{""created_at"":""2020-04-01T08:50:57.000Z"",""description"":""💚💙💎担はリトリンよ〜く読んでください🙇🏻‍♀️ゼルビア⚽️も好き！雑多垢です！うるさかったら勝手にミュートでもなんでもしてください😌"",""id"":""1245272373168705539"",""name"":""mari"",""profile_image_url"":""https://pbs.twimg.com/profile_images/1962149256674037760/gD2qfMNY_normal.jpg"",""public_metrics"":{""followers_count"":211,""following_count"":231,""like_count"":83069,""listed_count"":3,""media_count"":593,""tweet_count"":40555},""url"":""https://t.co/gS6LAfNJE6"",""username"":""ma6Tones"",""verified"":false}}"
VICTIMIZACION,victimizacion_ja,,"(メキシコ OR メキシコシティ OR カンクン) (スリ OR ひったくり OR 強盗 OR 盗まれた OR 盗られた OR ""財布を盗"" OR ""スマホを盗"" OR ""バッグを盗"" OR ぼったくり OR ぼられた OR 詐欺 OR 襲われた OR ""取られた"" OR ""被害に遭"") lang:ja -is:retweet",2.07E+18,1.87E+18,2026-06-22 14:52:44,ja,,メキシコでは皆親切だった。観光地ばっかりだから単純比較はできないけど、ぼったくりも釣銭誤魔化しもなかった。でもお隣のグアテマラに入国した瞬間ぼったくり&amp;両替詐欺、釣銭詐欺に遭ったわ（笑） https://t.co/wnsKoABKiz,メキシコでは皆親切だった。観光地ばっかりだから単純比較はできないけど、ぼったくりも釣銭誤魔化しもなかった。でもお隣のグアテマラに入国した瞬間ぼったくり&amp;両替詐欺、釣銭詐欺に遭ったわ（笑） https://t.co/wnsKoABKiz,"En México todos fueron amables. Como solo estuve en zonas turísticas no puedo hacer una comparación simple, pero no hubo ni cobros excesivos ni trucos con el cambio. Sin embargo, en cuanto crucé a la vecina Guatemala: estafas con precios inflados, fraude en el cambio de divisas y trampa con el cambio (jaja).",2.07E+18,,FALSE,everyone,,0,0,0,0,495,1,"[{""id"":""2068581721982001604"",""type"":""quoted""}]","[{""domain"":{""description"":""Categories within Brand Verticals that narrow down the scope of Brands"",""id"":""46"",""name"":""Business Taxonomy""},""entity"":{""description"":""Brands, companies, advertisers and every non-person handle with the profit intent related to travel as airlines, travel agencies, hotels"",""id"":""1557697439489880065"",""name"":""Travel & Transportation Business""}},{""domain"":{""description"":""Entity Service top level domain, every item that is in Entity Service should be in this domain"",""id"":""30"",""name"":""Entities [Entity Service]""},""entity"":{""description"":""Travel"",""id"":""839159814991167489"",""name"":""Travel""}},{""domain"":{""description"":""A grouping of interests and hobbies entities, like Novelty Food or Destinations"",""id"":""66"",""name"":""Interests and Hobbies Category""},""entity"":{""description"":""Destinations"",""id"":""857603051657482241"",""name"":""Destinations""}},{""domain"":{""description"":""A taxonomy of user interests. "",""id"":""131"",""name"":""Unified Twitter Taxonomy""},""entity"":{""description"":""Travel"",""id"":""839159814991167489"",""name"":""Travel""}},{""domain"":{""description"":""A taxonomy of user interests. "",""id"":""131"",""name"":""Unified Twitter Taxonomy""},""entity"":{""description"":""Politics"",""id"":""847878884917886977"",""name"":""Politics""}},{""domain"":{""description"":""A taxonomy of user interests. "",""id"":""131"",""name"":""Unified Twitter Taxonomy""},""entity"":{""description"":""Political issues"",""id"":""900740740468191232"",""name"":""Political issues""}},{""domain"":{""description"":""A taxonomy of user interests. "",""id"":""131"",""name"":""Unified Twitter Taxonomy""},""entity"":{""id"":""1309166808176361472"",""name"":""Mexico travel""}},{""domain"":{""description"":""for travel in specific places and types of travels, e.g., Venezuela travel, Spain travel, road trips"",""id"":""163"",""name"":""Travel""},""entity"":{""id"":""1309166808176361472"",""name"":""Mexico travel""}}]","{""urls"":[{""display_url"":""x.com/yuushibudesuyo…"",""end"":121,""expanded_url"":""https://twitter.com/yuushibudesuyo/status/2068581721982001604"",""start"":98,""url"":""https://t.co/wnsKoABKiz""}]}",,FALSE,TRUE,volume,vq:1293,gGpEdvujud82358,太郎渡邊,,,2024-12-25 18:20:22,117,58,1659,0,FALSE,https://pbs.twimg.com/profile_images/1871985709768466432/tYOJz3ek_normal.jpg,,,,,,,,,,"{""author_id"":""1871984296313139200"",""context_annotations"":[{""domain"":{""description"":""Categories within Brand Verticals that narrow down the scope of Brands"",""id"":""46"",""name"":""Business Taxonomy""},""entity"":{""description"":""Brands, companies, advertisers and every non-person handle with the profit intent related to travel as airlines, travel agencies, hotels"",""id"":""1557697439489880065"",""name"":""Travel & Transportation Business""}},{""domain"":{""description"":""Entity Service top level domain, every item that is in Entity Service should be in this domain"",""id"":""30"",""name"":""Entities [Entity Service]""},""entity"":{""description"":""Travel"",""id"":""839159814991167489"",""name"":""Travel""}},{""domain"":{""description"":""A grouping of interests and hobbies entities, like Novelty Food or Destinations"",""id"":""66"",""name"":""Interests and Hobbies Category""},""entity"":{""description"":""Destinations"",""id"":""857603051657482241"",""name"":""Destinations""}},{""domain"":{""description"":""A taxonomy of user interests. "",""id"":""131"",""name"":""Unified Twitter Taxonomy""},""entity"":{""description"":""Travel"",""id"":""839159814991167489"",""name"":""Travel""}},{""domain"":{""description"":""A taxonomy of user interests. "",""id"":""131"",""name"":""Unified Twitter Taxonomy""},""entity"":{""description"":""Politics"",""id"":""847878884917886977"",""name"":""Politics""}},{""domain"":{""description"":""A taxonomy of user interests. "",""id"":""131"",""name"":""Unified Twitter Taxonomy""},""entity"":{""description"":""Political issues"",""id"":""900740740468191232"",""name"":""Political issues""}},{""domain"":{""description"":""A taxonomy of user interests. "",""id"":""131"",""name"":""Unified Twitter Taxonomy""},""entity"":{""id"":""1309166808176361472"",""name"":""Mexico travel""}},{""domain"":{""description"":""for travel in specific places and types of travels, e.g., Venezuela travel, Spain travel, road trips"",""id"":""163"",""name"":""Travel""},""entity"":{""id"":""1309166808176361472"",""name"":""Mexico travel""}}],""conversation_id"":""2069071090538955194"",""created_at"":""2026-06-22T14:52:44.000Z"",""edit_history_tweet_ids"":[""2069071090538955194""],""entities"":{""urls"":[{""display_url"":""x.com/yuushibudesuyo…"",""end"":121,""expanded_url"":""https://twitter.com/yuushibudesuyo/status/2068581721982001604"",""start"":98,""url"":""https://t.co/wnsKoABKiz""}]},""id"":""2069071090538955194"",""lang"":""ja"",""possibly_sensitive"":false,""public_metrics"":{""bookmark_count"":1,""impression_count"":495,""like_count"":0,""quote_count"":0,""reply_count"":0,""retweet_count"":0},""referenced_tweets"":[{""id"":""2068581721982001604"",""type"":""quoted""}],""reply_settings"":""everyone"",""text"":""メキシコでは皆親切だった。観光地ばっかりだから単純比較はできないけど、ぼったくりも釣銭誤魔化しもなかった。でもお隣のグアテマラに入国した瞬間ぼったくり&amp;両替詐欺、釣銭詐欺に遭ったわ（笑） https://t.co/wnsKoABKiz"",""_author"":{""created_at"":""2024-12-25T18:20:22.000Z"",""description"":"""",""id"":""1871984296313139200"",""name"":""太郎渡邊"",""profile_image_url"":""https://pbs.twimg.com/profile_images/1871985709768466432/tYOJz3ek_normal.jpg"",""public_metrics"":{""followers_count"":117,""following_count"":58,""like_count"":21,""listed_count"":0,""media_count"":11,""tweet_count"":1659},""url"":"""",""username"":""gGpEdvujud82358"",""verified"":false}}"
VICTIMIZACION,victimizacion_ja,,"(メキシコ OR メキシコシティ OR カンクン) (スリ OR ひったくり OR 強盗 OR 盗まれた OR 盗られた OR ""財布を盗"" OR ""スマホを盗"" OR ""バッグを盗"" OR ぼったくり OR ぼられた OR 詐欺 OR 襲われた OR ""取られた"" OR ""被害に遭"") lang:ja -is:retweet",2.07E+18,89052932,2026-06-23 4:15:11,ja,,モンテレイ歴史博物館。メキシコってアステカ帝国がスペインに侵略されたりテキサスやロサンゼルスをアメリカに取られたり波瀾万丈。けど、今は若い人が多いし(平均31歳！)人口も増えてるらしい(1億三千万)。 カップルが多いなぁって感じたもんな。 (写真はそこでやってたサッカー展) https://t.co/STL9vRrGjv,モンテレイ歴史博物館。メキシコってアステカ帝国がスペインに侵略されたりテキサスやロサンゼルスをアメリカに取られたり波瀾万丈。けど、今は若い人が多いし(平均31歳！)人口も増えてるらしい(1億三千万)。 カップルが多いなぁって感じたもんな。 (写真はそこでやってたサッカー展) https://t.co/STL9vRrGjv,"Museo de Historia de Monterrey. México ha tenido una historia llena de altibajos: el Imperio azteca fue invadido por España, luego le arrebataron Texas y Los Ángeles los estadounidenses… Pero ahora hay mucha gente joven (¡edad promedio: 31 años!) y la población sigue creciendo (130 millones). Sentí que había muchas parejas. (La foto es de una exposición de fútbol que tenían ahí.)",2.07E+18,,FALSE,everyone,,26,2,2,0,883,2,[],"[{""domain"":{""description"":""Types of sports, like soccer and basketball"",""id"":""11"",""name"":""Sport""},""entity"":{""id"":""733756536430809088"",""name"":""Soccer""}},{""domain"":{""description"":""Categories within Brand Verticals that narrow down the scope of Brands"",""id"":""46"",""name"":""Business Taxonomy""},""entity"":{""description"":""Brands, companies, advertisers and every non-person handle with the profit intent related to sports nutrition, athletic apparel, sports apps, fitness venues"",""id"":""1557697289971322880"",""name"":""Sports & Fitness Business""}},{""domain"":{""description"":""A taxonomy of user interests. "",""id"":""131"",""name"":""Unified Twitter Taxonomy""},""entity"":{""id"":""733756536430809088"",""name"":""Soccer""}},{""domain"":{""description"":""A taxonomy of user interests. "",""id"":""131"",""name"":""Unified Twitter Taxonomy""},""entity"":{""description"":""Sports"",""id"":""847900493514891265"",""name"":""Sports""}},{""domain"":{""description"":""Cities around the world"",""id"":""156"",""name"":""Cities""},""entity"":{""description"":""Los Angeles"",""id"":""856860708847222784"",""name"":""Los Angeles""}},{""domain"":{""description"":""States, provinces, or prefectures, like California or Fukushima Prefecture"",""id"":""159"",""name"":""States""},""entity"":{""description"":""Texas"",""id"":""855432197297192961"",""name"":""Texas""}}]","{""urls"":[{""display_url"":""pic.x.com/STL9vRrGjv"",""end"":161,""expanded_url"":""https://x.com/takashikunjp/status/2069273035803152489/photo/1"",""media_key"":""3_2069273020019961856"",""start"":138,""url"":""https://t.co/STL9vRrGjv""},{""display_url"":""pic.x.com/STL9vRrGjv"",""end"":161,""expanded_url"":""https://x.com/takashikunjp/status/2069273035803152489/photo/1"",""media_key"":""3_2069273020015796224"",""start"":138,""url"":""https://t.co/STL9vRrGjv""},{""display_url"":""pic.x.com/STL9vRrGjv"",""end"":161,""expanded_url"":""https://x.com/takashikunjp/status/2069273035803152489/photo/1"",""media_key"":""3_2069273020167028736"",""start"":138,""url"":""https://t.co/STL9vRrGjv""},{""display_url"":""pic.x.com/STL9vRrGjv"",""end"":161,""expanded_url"":""https://x.com/takashikunjp/status/2069273035803152489/photo/1"",""media_key"":""3_2069273020015771648"",""start"":138,""url"":""https://t.co/STL9vRrGjv""}]}",,FALSE,FALSE,volume,vq:1293,takashikunjp,たかしくん,神奈川県 藤沢市,藤沢在住。湘南ベルマーレとビール。ベッカムと同い年。藤沢サポーター会。ホップ栽培。野菜づくりと土いじり。,2009-11-10 23:32:46,556,817,7307,25,FALSE,https://pbs.twimg.com/profile_images/1511280895293939715/_8TwRwtQ_normal.jpg,,,,,,,,,,"{""author_id"":""89052932"",""context_annotations"":[{""domain"":{""description"":""Types of sports, like soccer and basketball"",""id"":""11"",""name"":""Sport""},""entity"":{""id"":""733756536430809088"",""name"":""Soccer""}},{""domain"":{""description"":""Categories within Brand Verticals that narrow down the scope of Brands"",""id"":""46"",""name"":""Business Taxonomy""},""entity"":{""description"":""Brands, companies, advertisers and every non-person handle with the profit intent related to sports nutrition, athletic apparel, sports apps, fitness venues"",""id"":""1557697289971322880"",""name"":""Sports & Fitness Business""}},{""domain"":{""description"":""A taxonomy of user interests. "",""id"":""131"",""name"":""Unified Twitter Taxonomy""},""entity"":{""id"":""733756536430809088"",""name"":""Soccer""}},{""domain"":{""description"":""A taxonomy of user interests. "",""id"":""131"",""name"":""Unified Twitter Taxonomy""},""entity"":{""description"":""Sports"",""id"":""847900493514891265"",""name"":""Sports""}},{""domain"":{""description"":""Cities around the world"",""id"":""156"",""name"":""Cities""},""entity"":{""description"":""Los Angeles"",""id"":""856860708847222784"",""name"":""Los Angeles""}},{""domain"":{""description"":""States, provinces, or prefectures, like California or Fukushima Prefecture"",""id"":""159"",""name"":""States""},""entity"":{""description"":""Texas"",""id"":""855432197297192961"",""name"":""Texas""}}],""conversation_id"":""2069273035803152489"",""created_at"":""2026-06-23T04:15:11.000Z"",""edit_history_tweet_ids"":[""2069273035803152489""],""entities"":{""urls"":[{""display_url"":""pic.x.com/STL9vRrGjv"",""end"":161,""expanded_url"":""https://x.com/takashikunjp/status/2069273035803152489/photo/1"",""media_key"":""3_2069273020019961856"",""start"":138,""url"":""https://t.co/STL9vRrGjv""},{""display_url"":""pic.x.com/STL9vRrGjv"",""end"":161,""expanded_url"":""https://x.com/takashikunjp/status/2069273035803152489/photo/1"",""media_key"":""3_2069273020015796224"",""start"":138,""url"":""https://t.co/STL9vRrGjv""},{""display_url"":""pic.x.com/STL9vRrGjv"",""end"":161,""expanded_url"":""https://x.com/takashikunjp/status/2069273035803152489/photo/1"",""media_key"":""3_2069273020167028736"",""start"":138,""url"":""https://t.co/STL9vRrGjv""},{""display_url"":""pic.x.com/STL9vRrGjv"",""end"":161,""expanded_url"":""https://x.com/takashikunjp/status/2069273035803152489/photo/1"",""media_key"":""3_2069273020015771648"",""start"":138,""url"":""https://t.co/STL9vRrGjv""}]},""id"":""2069273035803152489"",""lang"":""ja"",""possibly_sensitive"":false,""public_metrics"":{""bookmark_count"":2,""impression_count"":883,""like_count"":26,""quote_count"":0,""reply_count"":2,""retweet_count"":2},""reply_settings"":""everyone"",""text"":""モンテレイ歴史博物館。メキシコってアステカ帝国がスペインに侵略されたりテキサスやロサンゼルスをアメリカに取られたり波瀾万丈。けど、今は若い人が多いし(平均31歳！)人口も増えてるらしい(1億三千万)。\nカップルが多いなぁって感じたもんな。\n(写真はそこでやってたサッカー展) https://t.co/STL9vRrGjv"",""_author"":{""created_at"":""2009-11-10T23:32:46.000Z"",""description"":""藤沢在住。湘南ベルマーレとビール。ベッカムと同い年。藤沢サポーター会。ホップ栽培。野菜づくりと土いじり。"",""id"":""89052932"",""location"":""神奈川県 藤沢市"",""name"":""たかしくん"",""profile_image_url"":""https://pbs.twimg.com/profile_images/1511280895293939715/_8TwRwtQ_normal.jpg"",""public_metrics"":{""followers_count"":556,""following_count"":817,""like_count"":3371,""listed_count"":25,""media_count"":823,""tweet_count"":7307},""url"":"""",""username"":""takashikunjp"",""verified"":false}}"
VICTIMIZACION,victimizacion_ja,,"(メキシコ OR メキシコシティ OR カンクン) (スリ OR ひったくり OR 強盗 OR 盗まれた OR 盗られた OR ""財布を盗"" OR ""スマホを盗"" OR ""バッグを盗"" OR ぼったくり OR ぼられた OR 詐欺 OR 襲われた OR ""取られた"" OR ""被害に遭"") lang:ja -is:retweet",2.07E+18,1403819006,2026-06-24 21:49:24,ja,,ジンベイザメとカンクンの海で泳いできたよ😁  また一つ夢が叶いました🫡  日焼けし過ぎて全身痛いし、片道1時間のボートはゲロゲロだし、このビデオに60ドル追加料金だし、ドック代とか謎に40ドル取られたけど、最高の時間と映像を得たから全てOK🙆‍♀️ https://t.co/XtwEOrfztx,ジンベイザメとカンクンの海で泳いできたよ😁  また一つ夢が叶いました🫡  日焼けし過ぎて全身痛いし、片道1時間のボートはゲロゲロだし、このビデオに60ドル追加料金だし、ドック代とか謎に40ドル取られたけど、最高の時間と映像を得たから全てOK🙆‍♀️ https://t.co/XtwEOrfztx,"¡Nadé con tiburones ballena en el mar de Cancún! 😁 Se cumplió otro sueño 🫡 Me quemé tanto con el sol que me duele todo el cuerpo, el viaje en lancha de una hora fue vomitivo, me cobraron 60 dólares extra por este video, y misteriosamente me sacaron 40 dólares por ""tarifa de muelle"", pero conseguí un tiempo y unas imágenes increíbles así que todo OK 🙆‍♀",2.07E+18,,FALSE,everyone,,153,3,6,0,7593,2,[],"[{""domain"":{""description"":""Categories within Brand Verticals that narrow down the scope of Brands"",""id"":""46"",""name"":""Business Taxonomy""},""entity"":{""description"":""Brands, companies, advertisers and every non-person handle with the profit intent related to makeup, perfumes and skin care"",""id"":""1557696505548394496"",""name"":""Beauty, Cosmetic & Personal Care Business""}},{""domain"":{""description"":""Top level interests and hobbies groupings, like Food or Travel"",""id"":""65"",""name"":""Interests and Hobbies Vertical""},""entity"":{""description"":""Beauty"",""id"":""850395585941086209"",""name"":""Beauty""}},{""domain"":{""description"":""Interests, opinions, and behaviors of individuals, groups, or cultures; like Speciality Cooking or Theme Parks"",""id"":""67"",""name"":""Interests and Hobbies""},""entity"":{""description"":""Tanning"",""id"":""855114635963318272"",""name"":""Tanning""}},{""domain"":{""description"":""A taxonomy of user interests. "",""id"":""131"",""name"":""Unified Twitter Taxonomy""},""entity"":{""description"":""Tanning"",""id"":""855114635963318272"",""name"":""Tanning""}}]","{""urls"":[{""display_url"":""pic.x.com/XtwEOrfztx"",""end"":148,""expanded_url"":""https://x.com/olimpicsoniisan/status/2069900727221195229/video/1"",""media_key"":""13_2069900634136907777"",""start"":125,""url"":""https://t.co/XtwEOrfztx""}]}",,FALSE,FALSE,volume,vq:1293,olimpicsoniisan,オリンピックお兄さん@通常運転,,トリノ五輪から夏冬8大会連続、108セッションを現地観戦📣ギネス世界記録挑戦中‼️ 〜奴隷のように働き、王様のように遊ぶ〜がモットー💪 時にはメロンパン屋さん、時には不動産Gメン #オリンピックお兄さん と一緒に日本を応援しませんか？🇯🇵kazunori takishima 裏垢@animemangajp,2013-05-05 1:40:00,15193,692,18470,78,FALSE,https://pbs.twimg.com/profile_images/1753433624546844672/hLenbIpR_normal.jpg,https://t.co/AsVdG5xyH0,,,,,,,,,"{""author_id"":""1403819006"",""context_annotations"":[{""domain"":{""description"":""Categories within Brand Verticals that narrow down the scope of Brands"",""id"":""46"",""name"":""Business Taxonomy""},""entity"":{""description"":""Brands, companies, advertisers and every non-person handle with the profit intent related to makeup, perfumes and skin care"",""id"":""1557696505548394496"",""name"":""Beauty, Cosmetic & Personal Care Business""}},{""domain"":{""description"":""Top level interests and hobbies groupings, like Food or Travel"",""id"":""65"",""name"":""Interests and Hobbies Vertical""},""entity"":{""description"":""Beauty"",""id"":""850395585941086209"",""name"":""Beauty""}},{""domain"":{""description"":""Interests, opinions, and behaviors of individuals, groups, or cultures; like Speciality Cooking or Theme Parks"",""id"":""67"",""name"":""Interests and Hobbies""},""entity"":{""description"":""Tanning"",""id"":""855114635963318272"",""name"":""Tanning""}},{""domain"":{""description"":""A taxonomy of user interests. "",""id"":""131"",""name"":""Unified Twitter Taxonomy""},""entity"":{""description"":""Tanning"",""id"":""855114635963318272"",""name"":""Tanning""}}],""conversation_id"":""2069900727221195229"",""created_at"":""2026-06-24T21:49:24.000Z"",""edit_history_tweet_ids"":[""2069900727221195229""],""entities"":{""urls"":[{""display_url"":""pic.x.com/XtwEOrfztx"",""end"":148,""expanded_url"":""https://x.com/olimpicsoniisan/status/2069900727221195229/video/1"",""media_key"":""13_2069900634136907777"",""start"":125,""url"":""https://t.co/XtwEOrfztx""}]},""id"":""2069900727221195229"",""lang"":""ja"",""possibly_sensitive"":false,""public_metrics"":{""bookmark_count"":2,""impression_count"":7593,""like_count"":153,""quote_count"":0,""reply_count"":6,""retweet_count"":3},""reply_settings"":""everyone"",""text"":""ジンベイザメとカンクンの海で泳いできたよ😁\n\nまた一つ夢が叶いました🫡\n\n日焼けし過ぎて全身痛いし、片道1時間のボートはゲロゲロだし、このビデオに60ドル追加料金だし、ドック代とか謎に40ドル取られたけど、最高の時間と映像を得たから全てOK🙆‍♀️ https://t.co/XtwEOrfztx"",""_author"":{""created_at"":""2013-05-05T01:40:00.000Z"",""description"":""トリノ五輪から夏冬8大会連続、108セッションを現地観戦📣ギネス世界記録挑戦中‼️ 〜奴隷のように働き、王様のように遊ぶ〜がモットー💪 時にはメロンパン屋さん、時には不動産Gメン #オリンピックお兄さん と一緒に日本を応援しませんか？🇯🇵kazunori takishima 裏垢@animemangajp"",""id"":""1403819006"",""name"":""オリンピックお兄さん@通常運転"",""profile_image_url"":""https://pbs.twimg.com/profile_images/1753433624546844672/hLenbIpR_normal.jpg"",""public_metrics"":{""followers_count"":15192,""following_count"":692,""like_count"":6694,""listed_count"":78,""media_count"":5229,""tweet_count"":18470},""url"":""https://t.co/AsVdG5xyH0"",""username"":""olimpicsoniisan"",""verified"":false}}"
VICTIMIZACION,victimizacion_ja,,"(メキシコ OR メキシコシティ OR カンクン) (スリ OR ひったくり OR 強盗 OR 盗まれた OR 盗られた OR ""財布を盗"" OR ""スマホを盗"" OR ""バッグを盗"" OR ぼったくり OR ぼられた OR 詐欺 OR 襲われた OR ""取られた"" OR ""被害に遭"") lang:ja -is:retweet",2.07E+18,97833589,2026-07-01 8:23:45,ja,,@ZinYoshida 別の場所でも胴上げされてて「スリを警戒しましたが大丈夫でした！いくらウカれても警戒を怠ると危ないですからね…」と、なんか出来る風のことを言ったあとに「Se le cayó esto.�,@ZinYoshida 別の場所でも胴上げされてて「スリを警戒しましたが大丈夫でした！いくらウカれても警戒を怠ると危ないですからね…」と、なんか出来る風のことを言ったあとに「Se le cayó esto.�,"@ZinYoshida En otro lugar también lo levantaron en hombros, y él dijo presumiendo: ""Estuve alerta contra los carteristas, ¡pero todo bien! Por más eufórico que estés, si bajas la guardia es peligroso…"" y después de hacerse el experto, [alguien le dice:] ""Se le cayó esto.""",2.07E+18,1.37E+18,FALSE,everyone,,5,0,1,0,310,0,"[{""id"":""2072230198259679558"",""type"":""replied_to""}]","[{""domain"":{""description"":""Categories within Brand Verticals that narrow down the scope of Brands"",""id"":""46"",""name"":""Business Taxonomy""},""entity"":{""description"":""Brands, companies, advertisers and every non-person handle with the profit intent related to softwares, apps, communication equipments, hardwares"",""id"":""1557697333571112960"",""name"":""Technology Business""}},{""domain"":{""description"":""Brands and Companies"",""id"":""47"",""name"":""Brand""},""entity"":{""id"":""10026364281"",""name"":""Apple""}},{""domain"":{""description"":""A taxonomy of user interests. "",""id"":""131"",""name"":""Unified Twitter Taxonomy""},""entity"":{""id"":""10026364281"",""name"":""Apple""}},{""domain"":{""description"":""A taxonomy of user interests. "",""id"":""131"",""name"":""Unified Twitter Taxonomy""},""entity"":{""description"":""Technology and computing"",""id"":""848920371311001600"",""name"":""Technology""}},{""domain"":{""description"":""A taxonomy of user interests. "",""id"":""131"",""name"":""Unified Twitter Taxonomy""},""entity"":{""id"":""1303989823011606528"",""name"":""Tech events""}},{""domain"":{""description"":""A taxonomy of user interests. "",""id"":""131"",""name"":""Unified Twitter Taxonomy""},""entity"":{""id"":""1436053202835689485"",""name"":""Events""}},{""domain"":{""description"":""Brands and Companies"",""id"":""47"",""name"":""Brand""},""entity"":{""id"":""10026364281"",""name"":""Apple""}},{""domain"":{""description"":""Products created by Brands.  Examples: Ford Explorer, Apple iPhone."",""id"":""48"",""name"":""Product""},""entity"":{""id"":""10024011738"",""name"":""Apple - iPhone""}},{""domain"":{""description"":""Entity Service top level domain, every item that is in Entity Service should be in this domain"",""id"":""30"",""name"":""Entities [Entity Service]""},""entity"":{""description"":""Technology and computing"",""id"":""848920371311001600"",""name"":""Technology""}},{""domain"":{""description"":""Entity Service top level domain, every item that is in Entity Service should be in this domain"",""id"":""30"",""name"":""Entities [Entity Service]""},""entity"":{""description"":""Mobile"",""id"":""848985956778561538"",""name"":""Mobile""}}]","{""mentions"":[{""end"":11,""id"":""1373814285483143172"",""start"":0,""username"":""ZinYoshida""}]}",,FALSE,FALSE,volume,vq:1293,capsulez7,フクダカズキ ◆OKIGAI◆プライスター◆町田ゼルビアスポンサー◆横浜ビー・コルセアーズスポンサー,神奈川県,◆株式会社カプセルZ代表◆Amazon専用ツールプライスター◆メルカリshops専用ツールフリマル◆インクレスプリンターSen◆出張買取マッチングサービスOKIGAI◆ECセラー◆町田ゼルビアプラチナパートナー,2009-12-19 5:51:55,6441,358,39754,80,FALSE,https://pbs.twimg.com/profile_images/1877240080777265152/0OfLGhjp_normal.jpg,https://t.co/BLqqhTsnTv,,,,,,,,,"{""author_id"":""97833589"",""context_annotations"":[{""domain"":{""description"":""Categories within Brand Verticals that narrow down the scope of Brands"",""id"":""46"",""name"":""Business Taxonomy""},""entity"":{""description"":""Brands, companies, advertisers and every non-person handle with the profit intent related to softwares, apps, communication equipments, hardwares"",""id"":""1557697333571112960"",""name"":""Technology Business""}},{""domain"":{""description"":""Brands and Companies"",""id"":""47"",""name"":""Brand""},""entity"":{""id"":""10026364281"",""name"":""Apple""}},{""domain"":{""description"":""A taxonomy of user interests. "",""id"":""131"",""name"":""Unified Twitter Taxonomy""},""entity"":{""id"":""10026364281"",""name"":""Apple""}},{""domain"":{""description"":""A taxonomy of user interests. "",""id"":""131"",""name"":""Unified Twitter Taxonomy""},""entity"":{""description"":""Technology and computing"",""id"":""848920371311001600"",""name"":""Technology""}},{""domain"":{""description"":""A taxonomy of user interests. "",""id"":""131"",""name"":""Unified Twitter Taxonomy""},""entity"":{""id"":""1303989823011606528"",""name"":""Tech events""}},{""domain"":{""description"":""A taxonomy of user interests. "",""id"":""131"",""name"":""Unified Twitter Taxonomy""},""entity"":{""id"":""1436053202835689485"",""name"":""Events""}},{""domain"":{""description"":""Brands and Companies"",""id"":""47"",""name"":""Brand""},""entity"":{""id"":""10026364281"",""name"":""Apple""}},{""domain"":{""description"":""Products created by Brands.  Examples: Ford Explorer, Apple iPhone."",""id"":""48"",""name"":""Product""},""entity"":{""id"":""10024011738"",""name"":""Apple - iPhone""}},{""domain"":{""description"":""Entity Service top level domain, every item that is in Entity Service should be in this domain"",""id"":""30"",""name"":""Entities [Entity Service]""},""entity"":{""description"":""Technology and computing"",""id"":""848920371311001600"",""name"":""Technology""}},{""domain"":{""description"":""Entity Service top level domain, every item that is in Entity Service should be in this domain"",""id"":""30"",""name"":""Entities [Entity Service]""},""entity"":{""description"":""Mobile"",""id"":""848985956778561538"",""name"":""Mobile""}}],""conversation_id"":""2072230198259679558"",""created_at"":""2026-07-01T08:23:45.000Z"",""edit_history_tweet_ids"":[""2072234691948605765""],""entities"":{""mentions"":[{""end"":11,""id"":""1373814285483143172"",""start"":0,""username"":""ZinYoshida""}]},""id"":""2072234691948605765"",""in_reply_to_user_id"":""1373814285483143172"",""lang"":""ja"",""possibly_sensitive"":false,""public_metrics"":{""bookmark_count"":0,""impression_count"":310,""like_count"":5,""quote_count"":0,""reply_count"":1,""retweet_count"":0},""referenced_tweets"":[{""id"":""2072230198259679558"",""type"":""replied_to""}],""reply_settings"":""everyone"",""text"":""@ZinYoshida 別の場所でも胴上げされてて「スリを警戒しましたが大丈夫でした！いくらウカれても警戒を怠ると危ないですからね…」と、なんか出来る風のことを言ったあとに「Se le cayó esto.（落としましたよ？）」とメキシコの人にiPhone拾ってもらってて最悪に感じ悪い日本人になってました！😆"",""_author"":{""created_at"":""2009-12-19T05:51:55.000Z"",""description"":""◆株式会社カプセルZ代表◆Amazon専用ツールプライスター◆メルカリshops専用ツールフリマル◆インクレスプリンターSen◆出張買取マッチングサービスOKIGAI◆ECセラー◆町田ゼルビアプラチナパートナー"",""id"":""97833589"",""location"":""神奈川県"",""name"":""フクダカズキ ◆OKIGAI◆プライスター◆町田ゼルビアスポンサー◆横浜ビー・コルセアーズスポンサー"",""profile_image_url"":""https://pbs.twimg.com/profile_images/1877240080777265152/0OfLGhjp_normal.jpg"",""public_metrics"":{""followers_count"":6441,""following_count"":358,""like_count"":91165,""listed_count"":80,""media_count"":2669,""tweet_count"":39754},""url"":""https://t.co/BLqqhTsnTv"",""username"":""capsulez7"",""verified"":false}}"
VICTIMIZACION,victimizacion_ja,,"(メキシコ OR メキシコシティ OR カンクン) (スリ OR ひったくり OR 強盗 OR 盗まれた OR 盗られた OR ""財布を盗"" OR ""スマホを盗"" OR ""バッグを盗"" OR ぼったくり OR ぼられた OR 詐欺 OR 襲われた OR ""取られた"" OR ""被害に遭"") lang:ja -is:retweet",2.07E+18,3572725639,2026-07-01 14:25:46,ja,,@wanwan00485291 ありがとうございます！ 日本のサポーターでも、メキシコシティでスリに遭った…って人、多いらしいです。 これは気をつけねば！！,@wanwan00485291 ありがとうございます！ 日本のサポーターでも、メキシコシティでスリに遭った…って人、多いらしいです。 これは気をつけねば！！,"@wanwan00485291 ¡Gracias! Parece que entre los aficionados japoneses, son muchos los que fueron víctimas de carteristas en la Ciudad de México. ¡Hay que tener mucho cuidado!",2.07E+18,1.34E+18,FALSE,everyone,,0,0,0,0,163,0,"[{""id"":""2072087308233499064"",""type"":""replied_to""}]",[],"{""mentions"":[{""end"":15,""id"":""1340207577204834305"",""start"":0,""username"":""wanwan00485291""}]}",,FALSE,FALSE,volume,vq:1293,tabi_gari,Hirotaka,being on the road,旅行ライターしてます。旅の“素敵”を伝えたい。韓国、香港、ヨーロッパが好き。沢木耕太郎さんの『深夜特急』は憧れ。「note」で旅エッセイ。「トラベルjp」や「たびこふれ」で旅記事。ある日ふらっと旅に出ます。神保町の書店〈SOLIDA〉に、旅の書棚をオープン。旅エッセイ集『旅するはずもなかった世界』など、販売してます！,2015-09-15 15:15:09,15391,785,42186,103,FALSE,https://pbs.twimg.com/profile_images/643824907957047296/5wjdOmr0_normal.jpg,https://t.co/29844i96er,,,,,,,,,"{""author_id"":""3572725639"",""conversation_id"":""2072050972226953229"",""created_at"":""2026-07-01T14:25:46.000Z"",""edit_history_tweet_ids"":[""2072325795398168956""],""entities"":{""mentions"":[{""end"":15,""id"":""1340207577204834305"",""start"":0,""username"":""wanwan00485291""}]},""id"":""2072325795398168956"",""in_reply_to_user_id"":""1340207577204834305"",""lang"":""ja"",""possibly_sensitive"":false,""public_metrics"":{""bookmark_count"":0,""impression_count"":163,""like_count"":0,""quote_count"":0,""reply_count"":0,""retweet_count"":0},""referenced_tweets"":[{""id"":""2072087308233499064"",""type"":""replied_to""}],""reply_settings"":""everyone"",""text"":""@wanwan00485291 ありがとうございます！\n日本のサポーターでも、メキシコシティでスリに遭った…って人、多いらしいです。\nこれは気をつけねば！！"",""_author"":{""created_at"":""2015-09-15T15:15:09.000Z"",""description"":""旅行ライターしてます。旅の“素敵”を伝えたい。韓国、香港、ヨーロッパが好き。沢木耕太郎さんの『深夜特急』は憧れ。「note」で旅エッセイ。「トラベルjp」や「たびこふれ」で旅記事。ある日ふらっと旅に出ます。神保町の書店〈SOLIDA〉に、旅の書棚をオープン。旅エッセイ集『旅するはずもなかった世界』など、販売してます！"",""id"":""3572725639"",""location"":""being on the road"",""name"":""Hirotaka"",""profile_image_url"":""https://pbs.twimg.com/profile_images/643824907957047296/5wjdOmr0_normal.jpg"",""public_metrics"":{""followers_count"":15391,""following_count"":785,""like_count"":77951,""listed_count"":103,""media_count"":9656,""tweet_count"":42186},""url"":""https://t.co/29844i96er"",""username"":""tabi_gari"",""verified"":false}}"
VICTIMIZACION,victimizacion_ja,,"(メキシコ OR メキシコシティ OR カンクン) (スリ OR ひったくり OR 強盗 OR 盗まれた OR 盗られた OR ""財布を盗"" OR ""スマホを盗"" OR ""バッグを盗"" OR ぼったくり OR ぼられた OR 詐欺 OR 襲われた OR ""取られた"" OR ""被害に遭"") lang:ja -is:retweet",2.07E+18,1.12E+18,2026-07-01 22:01:21,ja,,私もチェニジア戦をモンテレイで観戦しましたが、メキシコ人の人たちの温かい歓待ぶりに楽しさが倍増しました。外務省の危険レベルでもレベル1ですが、スリにも強盗にも遭わずに、お巡りさんにまで写真撮ってもらいました。 https://t.co/J4WSyGaxMB,私もチェニジア戦をモンテレイで観戦しましたが、メキシコ人の人たちの温かい歓待ぶりに楽しさが倍増しました。外務省の危険レベルでもレベル1ですが、スリにも強盗にも遭わずに、お巡りさんにまで写真撮ってもらいました。 https://t.co/J4WSyGaxMB,"Yo también vi el partido contra Túnez en Monterrey, y la cálida hospitalidad de los mexicanos hizo que la diversión se duplicara. El nivel de peligro del Ministerio de Asuntos Exteriores es apenas nivel 1, y no sufrí ni carterismo ni asaltos; hasta un policía me tomó fotos.",2.07E+18,,FALSE,everyone,,0,0,0,0,191,0,"[{""id"":""2072219114962108460"",""type"":""quoted""}]","[{""domain"":{""description"":""A section of a government, like The Supreme Court"",""id"":""88"",""name"":""Political Body""},""entity"":{""id"":""1378812322249015297"",""name"":""Japan Ministry of Foreign Affairs""}},{""domain"":{""description"":""A taxonomy of user interests. "",""id"":""131"",""name"":""Unified Twitter Taxonomy""},""entity"":{""description"":""Politics"",""id"":""847878884917886977"",""name"":""Politics""}},{""domain"":{""description"":""A taxonomy of user interests. "",""id"":""131"",""name"":""Unified Twitter Taxonomy""},""entity"":{""description"":""Political Body"",""id"":""1068583660914266113"",""name"":""Government institutions""}},{""domain"":{""description"":""A taxonomy of user interests. "",""id"":""131"",""name"":""Unified Twitter Taxonomy""},""entity"":{""id"":""1378812322249015297"",""name"":""Japan Ministry of Foreign Affairs""}},{""domain"":{""description"":""A taxonomy of user interests. "",""id"":""131"",""name"":""Unified Twitter Taxonomy""},""entity"":{""description"":""Taco"",""id"":""825062383580176386"",""name"":""Tacos""}}]","{""urls"":[{""display_url"":""x.com/tabi_gari/stat…"",""end"":128,""expanded_url"":""https://twitter.com/tabi_gari/status/2072219114962108460"",""start"":105,""url"":""https://t.co/J4WSyGaxMB""}]}",,FALSE,TRUE,volume,vq:1293,3230304tk,3230304,神奈川県川崎市,フロサポ暦既に20年超/フロンタウン鷺沼に月二、三回出没/フットサル暦もはや20年/雇用延長4年目/好きなもの川崎フロンターレ、下諏訪生まれで松本山雅/気になることは持続可能性、ジェンダーギャップ、格差社会、出版業界,2019-04-28 22:50:04,43,428,346,1,FALSE,https://pbs.twimg.com/profile_images/1439346046958665730/nlwIGftl_normal.jpg,,,,,,,,,,"{""author_id"":""1122634110252437504"",""context_annotations"":[{""domain"":{""description"":""A section of a government, like The Supreme Court"",""id"":""88"",""name"":""Political Body""},""entity"":{""id"":""1378812322249015297"",""name"":""Japan Ministry of Foreign Affairs""}},{""domain"":{""description"":""A taxonomy of user interests. "",""id"":""131"",""name"":""Unified Twitter Taxonomy""},""entity"":{""description"":""Politics"",""id"":""847878884917886977"",""name"":""Politics""}},{""domain"":{""description"":""A taxonomy of user interests. "",""id"":""131"",""name"":""Unified Twitter Taxonomy""},""entity"":{""description"":""Political Body"",""id"":""1068583660914266113"",""name"":""Government institutions""}},{""domain"":{""description"":""A taxonomy of user interests. "",""id"":""131"",""name"":""Unified Twitter Taxonomy""},""entity"":{""id"":""1378812322249015297"",""name"":""Japan Ministry of Foreign Affairs""}},{""domain"":{""description"":""A taxonomy of user interests. "",""id"":""131"",""name"":""Unified Twitter Taxonomy""},""entity"":{""description"":""Taco"",""id"":""825062383580176386"",""name"":""Tacos""}}],""conversation_id"":""2072440447902093694"",""created_at"":""2026-07-01T22:01:21.000Z"",""edit_history_tweet_ids"":[""2072440447902093694""],""entities"":{""urls"":[{""display_url"":""x.com/tabi_gari/stat…"",""end"":128,""expanded_url"":""https://twitter.com/tabi_gari/status/2072219114962108460"",""start"":105,""url"":""https://t.co/J4WSyGaxMB""}]},""id"":""2072440447902093694"",""lang"":""ja"",""possibly_sensitive"":false,""public_metrics"":{""bookmark_count"":0,""impression_count"":191,""like_count"":0,""quote_count"":0,""reply_count"":0,""retweet_count"":0},""referenced_tweets"":[{""id"":""2072219114962108460"",""type"":""quoted""}],""reply_settings"":""everyone"",""text"":""私もチェニジア戦をモンテレイで観戦しましたが、メキシコ人の人たちの温かい歓待ぶりに楽しさが倍増しました。外務省の危険レベルでもレベル1ですが、スリにも強盗にも遭わずに、お巡りさんにまで写真撮ってもらいました。 https://t.co/J4WSyGaxMB"",""_author"":{""created_at"":""2019-04-28T22:50:04.000Z"",""description"":""フロサポ暦既に20年超/フロンタウン鷺沼に月二、三回出没/フットサル暦もはや20年/雇用延長4年目/好きなもの川崎フロンターレ、下諏訪生まれで松本山雅/気になることは持続可能性、ジェンダーギャップ、格差社会、出版業界"",""id"":""1122634110252437504"",""location"":""神奈川県川崎市 "",""name"":""3230304"",""profile_image_url"":""https://pbs.twimg.com/profile_images/1439346046958665730/nlwIGftl_normal.jpg"",""public_metrics"":{""followers_count"":43,""following_count"":428,""like_count"":5222,""listed_count"":1,""media_count"":14,""tweet_count"":346},""url"":"""",""username"":""3230304tk"",""verified"":false}}"
VICTIMIZACION,victimizacion_ja,,"(メキシコ OR メキシコシティ OR カンクン) (スリ OR ひったくり OR 強盗 OR 盗まれた OR 盗られた OR ""財布を盗"" OR ""スマホを盗"" OR ""バッグを盗"" OR ぼったくり OR ぼられた OR 詐欺 OR 襲われた OR ""取られた"" OR ""被害に遭"") lang:ja -is:retweet",2.08E+18,1.35E+18,2026-07-10 23:30:47,ja,,@crepe_taro ヒストリアでは、インチキ外人（金態賞（金熊賞では無い）受賞歴のあるメキシコの映画監督）だけでは嘘だと思われてしまうので樋口監督という本物を混ぜて信頼性を増したそう,@crepe_taro ヒストリアでは、インチキ外人（金態賞（金熊賞では無い）受賞歴のあるメキシコの映画監督）だけでは嘘だと思われてしまうので樋口監督という本物を混ぜて信頼性を増したそう,"Ya pasaron 2 meses desde que me independicé y empecé el reto nómada. Estuve concentrado en viajar y trabajar — di la vuelta a Taiwán, vine a EE. UU. y México a ver el Mundial — pero como el Mundial ya se está acabando, creo que voy a ponerme las pilas con la creación de contenido. Vengo con el fraude del ""voy a hacer un podcast, voy a hacer un podcast"", así que empiezo por ahí…",2.08E+18,2.04E+18,FALSE,everyone,,4,0,1,0,104,0,"[{""id"":""2075719434359177496"",""type"":""replied_to""}]","[{""domain"":{""description"":""Categories within Brand Verticals that narrow down the scope of Brands"",""id"":""46"",""name"":""Business Taxonomy""},""entity"":{""description"":""Brands, companies, advertisers and every non-person handle with the profit intent related to movies, music, television, franchises, venues, theme parks, toys, tourism, hotels"",""id"":""1557696802391859201"",""name"":""Entertainment & Leisure Business""}},{""domain"":{""description"":""A taxonomy of user interests. "",""id"":""131"",""name"":""Unified Twitter Taxonomy""},""entity"":{""id"":""1166410125994708993"",""name"":""Directors, producers & writers""}},{""domain"":{""description"":""A taxonomy of user interests. "",""id"":""131"",""name"":""Unified Twitter Taxonomy""},""entity"":{""id"":""1276514328007467008"",""name"":""Movies & TV""}}]","{""mentions"":[{""end"":11,""id"":""2036637892702040064"",""start"":0,""username"":""crepe_taro""}]}",,FALSE,FALSE,volume,vq:1293,mimiyotsuya,ミミ四谷,某都民,タローマン大好き。40代、既婚、医師、三児の母。サブカルとお笑いと音楽が好きです。林檎班員です。藤井亮監督、椎名林檎、寅さん、みうらじゅんを敬愛しています。柴犬を飼っています。特技は家事をしながらのドラマ倍速視聴です。,2021-01-24 0:06:38,136,136,17913,1,FALSE,https://pbs.twimg.com/profile_images/1395375454337462274/ieOYC6dM_normal.jpg,,,,,,,,,,"{""author_id"":""1353131867130585121"",""context_annotations"":[{""domain"":{""description"":""Categories within Brand Verticals that narrow down the scope of Brands"",""id"":""46"",""name"":""Business Taxonomy""},""entity"":{""description"":""Brands, companies, advertisers and every non-person handle with the profit intent related to movies, music, television, franchises, venues, theme parks, toys, tourism, hotels"",""id"":""1557696802391859201"",""name"":""Entertainment & Leisure Business""}},{""domain"":{""description"":""A taxonomy of user interests. "",""id"":""131"",""name"":""Unified Twitter Taxonomy""},""entity"":{""id"":""1166410125994708993"",""name"":""Directors, producers & writers""}},{""domain"":{""description"":""A taxonomy of user interests. "",""id"":""131"",""name"":""Unified Twitter Taxonomy""},""entity"":{""id"":""1276514328007467008"",""name"":""Movies & TV""}}],""conversation_id"":""2075719434359177496"",""created_at"":""2026-07-10T23:30:47.000Z"",""edit_history_tweet_ids"":[""2075724444967088147""],""entities"":{""mentions"":[{""end"":11,""id"":""2036637892702040064"",""start"":0,""username"":""crepe_taro""}]},""id"":""2075724444967088147"",""in_reply_to_user_id"":""2036637892702040064"",""lang"":""ja"",""possibly_sensitive"":false,""public_metrics"":{""bookmark_count"":0,""impression_count"":104,""like_count"":4,""quote_count"":0,""reply_count"":1,""retweet_count"":0},""referenced_tweets"":[{""id"":""2075719434359177496"",""type"":""replied_to""}],""reply_settings"":""everyone"",""text"":""@crepe_taro ヒストリアでは、インチキ外人（金態賞（金熊賞では無い）受賞歴のあるメキシコの映画監督）だけでは嘘だと思われてしまうので樋口監督という本物を混ぜて信頼性を増したそうです🤣ご自身で詐欺の常套手段って仰ってました！"",""_author"":{""created_at"":""2021-01-24T00:06:38.000Z"",""description"":""タローマン大好き。40代、既婚、医師、三児の母。サブカルとお笑いと音楽が好きです。林檎班員です。藤井亮監督、椎名林檎、寅さん、みうらじゅんを敬愛しています。柴犬を飼っています。特技は家事をしながらのドラマ倍速視聴です。"",""id"":""1353131867130585121"",""location"":""某都民"",""name"":""ミミ四谷"",""profile_image_url"":""https://pbs.twimg.com/profile_images/1395375454337462274/ieOYC6dM_normal.jpg"",""public_metrics"":{""followers_count"":136,""following_count"":136,""like_count"":66353,""listed_count"":1,""media_count"":1378,""tweet_count"":17913},""url"":"""",""username"":""mimiyotsuya"",""verified"":false}}"
VICTIMIZACION,victimizacion_ja,,"(メキシコ OR メキシコシティ OR カンクン) (スリ OR ひったくり OR 強盗 OR 盗まれた OR 盗られた OR ""財布を盗"" OR ""スマホを盗"" OR ""バッグを盗"" OR ぼったくり OR ぼられた OR 詐欺 OR 襲われた OR ""取られた"" OR ""被害に遭"") lang:ja -is:retweet",2.08E+18,9.09E+17,2026-07-25 15:03:28,ja,,🇬🇹ティカル遺跡よかった  マヤ文明最大級の都市遺跡で、ツアーだったけど4.5時間歩いてた  ジャングルなので日陰が多くて、猿・カラフルな鳥など動物が多いのも👍  メキシコのマヤ遺跡ほど混んでない&amp;外国人料金がぼったくりじゃないのもポイント高い https://t.co/0AOnGtJHju,🇬🇹ティカル遺跡よかった  マヤ文明最大級の都市遺跡で、ツアーだったけど4.5時間歩いてた  ジャングルなので日陰が多くて、猿・カラフルな鳥など動物が多いのも👍  メキシコのマヤ遺跡ほど混んでない&amp;外国人料金がぼったくりじゃないのもポイント高い https://t.co/0AOnGtJHju,"🇬🇹 Las ruinas de Tikal estuvieron geniales. Es una de las mayores ciudades-ruina de la civilización maya; fue un tour pero caminamos 4.5 horas. Como es selva hay mucha sombra, y la cantidad de animales — monos, aves coloridas — es un plus 👍 Que no esté tan lleno como las ruinas mayas de México y que la tarifa para extranjeros no sea un robo también le suma muchos puntos.",2.08E+18,,FALSE,everyone,,24,1,0,0,1140,1,[],"[{""domain"":{""description"":""Categories within Brand Verticals that narrow down the scope of Brands"",""id"":""46"",""name"":""Business Taxonomy""},""entity"":{""description"":""Brands, companies, advertisers and every non-person handle with the profit intent related to Pets such as pet food, toys, cleaning"",""id"":""1557697078762958848"",""name"":""Pet Business""}},{""domain"":{""description"":""Categories within Brand Verticals that narrow down the scope of Brands"",""id"":""46"",""name"":""Business Taxonomy""},""entity"":{""description"":""Brands, companies, advertisers and every non-person handle with the profit intent related to travel as airlines, travel agencies, hotels"",""id"":""1557697439489880065"",""name"":""Travel & Transportation Business""}},{""domain"":{""description"":""Entity Service top level domain, every item that is in Entity Service should be in this domain"",""id"":""30"",""name"":""Entities [Entity Service]""},""entity"":{""description"":""Travel"",""id"":""839159814991167489"",""name"":""Travel""}},{""domain"":{""description"":""A grouping of interests and hobbies entities, like Novelty Food or Destinations"",""id"":""66"",""name"":""Interests and Hobbies Category""},""entity"":{""description"":""Destinations"",""id"":""857603051657482241"",""name"":""Destinations""}},{""domain"":{""description"":""A taxonomy of user interests. "",""id"":""131"",""name"":""Unified Twitter Taxonomy""},""entity"":{""description"":""Travel"",""id"":""839159814991167489"",""name"":""Travel""}},{""domain"":{""description"":""A taxonomy of user interests. "",""id"":""131"",""name"":""Unified Twitter Taxonomy""},""entity"":{""id"":""839543325212319744"",""name"":""Animals""}},{""domain"":{""description"":""A taxonomy of user interests. "",""id"":""131"",""name"":""Unified Twitter Taxonomy""},""entity"":{""id"":""1309166808176361472"",""name"":""Mexico travel""}},{""domain"":{""description"":""for travel in specific places and types of travels, e.g., Venezuela travel, Spain travel, road trips"",""id"":""163"",""name"":""Travel""},""entity"":{""id"":""1309166808176361472"",""name"":""Mexico travel""}}]","{""urls"":[{""display_url"":""pic.x.com/0AOnGtJHju"",""end"":150,""expanded_url"":""https://x.com/say__wo/status/2081032594083258428/photo/1"",""media_key"":""3_2081032583865942017"",""start"":127,""url"":""https://t.co/0AOnGtJHju""},{""display_url"":""pic.x.com/0AOnGtJHju"",""end"":150,""expanded_url"":""https://x.com/say__wo/status/2081032594083258428/photo/1"",""media_key"":""3_2081032583878483968"",""start"":127,""url"":""https://t.co/0AOnGtJHju""},{""display_url"":""pic.x.com/0AOnGtJHju"",""end"":150,""expanded_url"":""https://x.com/say__wo/status/2081032594083258428/photo/1"",""media_key"":""3_2081032583874297857"",""start"":127,""url"":""https://t.co/0AOnGtJHju""},{""display_url"":""pic.x.com/0AOnGtJHju"",""end"":150,""expanded_url"":""https://x.com/say__wo/status/2081032594083258428/photo/1"",""media_key"":""3_2081032583870021632"",""start"":127,""url"":""https://t.co/0AOnGtJHju""}]}",,FALSE,FALSE,volume,vq:1293,say__wo,スエヒロ,,2024年1月から世界放浪 / 旅YouTube1万人+ しばらくラテンアメリカ🌎,2017-09-17 7:59:12,1945,215,3318,12,FALSE,https://pbs.twimg.com/profile_images/1671893201085681664/SVwMrr47_normal.jpg,https://t.co/sOsWpVYrqf,,,,,,,,,"{""author_id"":""909325851103182849"",""context_annotations"":[{""domain"":{""description"":""Categories within Brand Verticals that narrow down the scope of Brands"",""id"":""46"",""name"":""Business Taxonomy""},""entity"":{""description"":""Brands, companies, advertisers and every non-person handle with the profit intent related to Pets such as pet food, toys, cleaning"",""id"":""1557697078762958848"",""name"":""Pet Business""}},{""domain"":{""description"":""Categories within Brand Verticals that narrow down the scope of Brands"",""id"":""46"",""name"":""Business Taxonomy""},""entity"":{""description"":""Brands, companies, advertisers and every non-person handle with the profit intent related to travel as airlines, travel agencies, hotels"",""id"":""1557697439489880065"",""name"":""Travel & Transportation Business""}},{""domain"":{""description"":""Entity Service top level domain, every item that is in Entity Service should be in this domain"",""id"":""30"",""name"":""Entities [Entity Service]""},""entity"":{""description"":""Travel"",""id"":""839159814991167489"",""name"":""Travel""}},{""domain"":{""description"":""A grouping of interests and hobbies entities, like Novelty Food or Destinations"",""id"":""66"",""name"":""Interests and Hobbies Category""},""entity"":{""description"":""Destinations"",""id"":""857603051657482241"",""name"":""Destinations""}},{""domain"":{""description"":""A taxonomy of user interests. "",""id"":""131"",""name"":""Unified Twitter Taxonomy""},""entity"":{""description"":""Travel"",""id"":""839159814991167489"",""name"":""Travel""}},{""domain"":{""description"":""A taxonomy of user interests. "",""id"":""131"",""name"":""Unified Twitter Taxonomy""},""entity"":{""id"":""839543325212319744"",""name"":""Animals""}},{""domain"":{""description"":""A taxonomy of user interests. "",""id"":""131"",""name"":""Unified Twitter Taxonomy""},""entity"":{""id"":""1309166808176361472"",""name"":""Mexico travel""}},{""domain"":{""description"":""for travel in specific places and types of travels, e.g., Venezuela travel, Spain travel, road trips"",""id"":""163"",""name"":""Travel""},""entity"":{""id"":""1309166808176361472"",""name"":""Mexico travel""}}],""conversation_id"":""2081032594083258428"",""created_at"":""2026-07-25T15:03:28.000Z"",""edit_history_tweet_ids"":[""2081032594083258428""],""entities"":{""urls"":[{""display_url"":""pic.x.com/0AOnGtJHju"",""end"":150,""expanded_url"":""https://x.com/say__wo/status/2081032594083258428/photo/1"",""media_key"":""3_2081032583865942017"",""start"":127,""url"":""https://t.co/0AOnGtJHju""},{""display_url"":""pic.x.com/0AOnGtJHju"",""end"":150,""expanded_url"":""https://x.com/say__wo/status/2081032594083258428/photo/1"",""media_key"":""3_2081032583878483968"",""start"":127,""url"":""https://t.co/0AOnGtJHju""},{""display_url"":""pic.x.com/0AOnGtJHju"",""end"":150,""expanded_url"":""https://x.com/say__wo/status/2081032594083258428/photo/1"",""media_key"":""3_2081032583874297857"",""start"":127,""url"":""https://t.co/0AOnGtJHju""},{""display_url"":""pic.x.com/0AOnGtJHju"",""end"":150,""expanded_url"":""https://x.com/say__wo/status/2081032594083258428/photo/1"",""media_key"":""3_2081032583870021632"",""start"":127,""url"":""https://t.co/0AOnGtJHju""}]},""id"":""2081032594083258428"",""lang"":""ja"",""possibly_sensitive"":false,""public_metrics"":{""bookmark_count"":1,""impression_count"":1140,""like_count"":24,""quote_count"":0,""reply_count"":0,""retweet_count"":1},""reply_settings"":""everyone"",""text"":""🇬🇹ティカル遺跡よかった\n\nマヤ文明最大級の都市遺跡で、ツアーだったけど4.5時間歩いてた\n\nジャングルなので日陰が多くて、猿・カラフルな鳥など動物が多いのも👍\n\nメキシコのマヤ遺跡ほど混んでない&amp;外国人料金がぼったくりじゃないのもポイント高い https://t.co/0AOnGtJHju"",""_author"":{""created_at"":""2017-09-17T07:59:12.000Z"",""description"":""2024年1月から世界放浪 / 旅YouTube1万人+\nしばらくラテンアメリカ🌎"",""id"":""909325851103182849"",""name"":""スエヒロ"",""profile_image_url"":""https://pbs.twimg.com/profile_images/1671893201085681664/SVwMrr47_normal.jpg"",""public_metrics"":{""followers_count"":1945,""following_count"":215,""like_count"":10822,""listed_count"":12,""media_count"":821,""tweet_count"":3318},""url"":""https://t.co/sOsWpVYrqf"",""username"":""say__wo"",""verified"":false}}"