tweet_id,id_criterio,slug,criterio,aplicable,nivel,puntaje,justificacion,estado,detalle,contexto_incompleto
2061801336178717019,RÚBRICA 2,rubrica_2_dimension_estetica,"DIMENSIÓN ESTÉTICA (aesthetic dimension — ""imagen cultural"")",False,,,,SIN_RESPUESTA,el equipo no devolvió estado para 1 criterio(s): rubrica_2_dimension_estetica,
2074859795442495564,RÚBRICA 1,rubrica_1_dimension_simpatic,"DIMENSIÓN SIMPÁTICA / EMOCIONAL (sympathetic/emotional dimension - ""atmósfera"")",False,,,"El tweet es una receta de comida y no expresa ninguna emoción del emisor hacia México o su gente. Por lo tanto, no es aplicable a este criterio de evaluación.",NO_APLICABLE,,
2074859795442495564,RÚBRICA 2,rubrica_2_dimension_estetica,"DIMENSIÓN ESTÉTICA (aesthetic dimension — ""imagen cultural"")",False,,,"El tweet es una receta de comida genérica, no evalúa ningún objeto cultural, gastronómico, histórico, artístico o escénico de México. Por lo tanto, no es aplicable a este criterio.",NO_APLICABLE,,
2074859795442495564,RÚBRICA 3,rubrica_3_dimension_funciona,"DIMENSIÓN FUNCIONAL (functional dimension — ""perspectiva política"")",False,,,"El tweet es una receta de comida y no evalúa ninguna competencia económica, política, institucional, de infraestructura, educativa/científica ni de organización/logística/gestión de seguridad de México. Por lo tanto, no es aplicable a este criterio.",NO_APLICABLE,,
2074859795442495564,RÚBRICA 4,rubrica_4_saliencia_de_viole,SALIENCIA DE VIOLENCIA (violence salience — binaria 0/1),False,,,"El tuit es una receta de comida y no menciona ni alude a violencia, crimen o inseguridad contemporáneas en México. Por lo tanto, queda fuera del alcance de este criterio.",NO_APLICABLE,,
2069099385539932481,RÚBRICA 1,rubrica_1_dimension_simpatic,"DIMENSIÓN SIMPÁTICA / EMOCIONAL (sympathetic/emotional dimension - ""atmósfera"")",False,,,"El tweet aborda estadísticas de vivienda y población en Estados Unidos, sin mencionar a México ni a su gente. Por lo tanto, no expresa ninguna emoción del emisor hacia México o sus habitantes, lo que lo hace ajeno al criterio de evaluación.",NO_APLICABLE,,
2069099385539932481,RÚBRICA 2,rubrica_2_dimension_estetica,"DIMENSIÓN ESTÉTICA (aesthetic dimension — ""imagen cultural"")",False,,,"El tweet presenta estadísticas sobre vivienda y población en Estados Unidos, sin mencionar ni evaluar ningún objeto cultural, gastronómico, histórico, artístico o escénico de México. Por lo tanto, no es aplicable a este criterio.",NO_APLICABLE,,
2069099385539932481,RÚBRICA 3,rubrica_3_dimension_funciona,"DIMENSIÓN FUNCIONAL (functional dimension — ""perspectiva política"")",False,,,"El tweet presenta estadísticas demográficas sobre el tamaño de los hogares y el crecimiento poblacional en EE. UU. No evalúa la eficacia o competencia institucional, organizativa, económica, política, de infraestructura, educativa/científica, o de seguridad de México. Por lo tanto, no es aplicable a este criterio.",NO_APLICABLE,,
2069099385539932481,RÚBRICA 4,rubrica_4_saliencia_de_viole,SALIENCIA DE VIOLENCIA (violence salience — binaria 0/1),False,,,"El tuit discute estadísticas de vivienda y población en Estados Unidos, sin mencionar ni aludir a violencia, crimen o inseguridad contemporáneas en México. Por lo tanto, el contenido es ajeno al criterio de evaluación.",NO_APLICABLE,,
2078181055962743260,RÚBRICA 1,rubrica_1_dimension_simpatic,"DIMENSIÓN SIMPÁTICA / EMOCIONAL (sympathetic/emotional dimension - ""atmósfera"")",False,,,"El tweet expresa afecto por 'sonna' y el deseo de que sean 'rey y reina del baile de bienvenida', pero no menciona a México ni a su gente. Por lo tanto, no expresa ninguna emoción del emisor hacia el país o sus habitantes, lo que lo hace ajeno al criterio de evaluación.",NO_APLICABLE,,
2078181055962743260,RÚBRICA 2,rubrica_2_dimension_estetica,"DIMENSIÓN ESTÉTICA (aesthetic dimension — ""imagen cultural"")",False,,,"El tweet expresa afecto por 'sonna' y el deseo de que sean 'rey y reina del baile de bienvenida'. No contiene ningún juicio evaluativo sobre un objeto cultural, gastronómico, histórico, artístico o escénico de México, por lo que no es aplicable a este criterio.",NO_APLICABLE,,
2078181055962743260,RÚBRICA 3,rubrica_3_dimension_funciona,"DIMENSIÓN FUNCIONAL (functional dimension — ""perspectiva política"")",False,,,"El tweet expresa un gusto personal y un deseo sobre personajes, sin evaluar ninguna competencia económica, política, institucional, de infraestructura, educativa/científica ni de organización/logística/gestión de seguridad de México. Por lo tanto, no es aplicable a este criterio.",NO_APLICABLE,,
2078181055962743260,RÚBRICA 4,rubrica_4_saliencia_de_viole,SALIENCIA DE VIOLENCIA (violence salience — binaria 0/1),False,,,"El tuit expresa admiración por una persona y el deseo de que sea rey y reina del baile de bienvenida. No menciona ni alude a violencia, crimen o inseguridad contemporáneas en México, por lo que no es aplicable a este criterio.",NO_APLICABLE,,
2072659029579780556,RÚBRICA 1,rubrica_1_dimension_simpatic,"DIMENSIÓN SIMPÁTICA / EMOCIONAL (sympathetic/emotional dimension - ""atmósfera"")",False,,,"El tweet describe el gusto del emisor por un tipo de personaje ficticio, sin mencionar a México ni a su gente. Por lo tanto, no expresa ninguna emoción hacia el país o sus habitantes, lo que lo hace ajeno al criterio de evaluación.",NO_APLICABLE,,
2072659029579780556,RÚBRICA 2,rubrica_2_dimension_estetica,"DIMENSIÓN ESTÉTICA (aesthetic dimension — ""imagen cultural"")",False,,,"El tweet describe una preferencia por un tipo de personaje ficticio, sin mencionar ni evaluar ningún objeto cultural, gastronómico, histórico, artístico o escénico de México. Por lo tanto, no es aplicable a este criterio.",NO_APLICABLE,,
2072659029579780556,RÚBRICA 3,rubrica_3_dimension_funciona,"DIMENSIÓN FUNCIONAL (functional dimension — ""perspectiva política"")",False,,,"El tweet describe una preferencia por un tipo de personaje ficticio, centrándose en sus rasgos de personalidad y acciones. No evalúa ninguna competencia económica, política, institucional, de infraestructura, educativa/científica ni de organización/logística/gestión de seguridad de México, por lo que no es aplicable a este criterio.",NO_APLICABLE,,
2072659029579780556,RÚBRICA 4,rubrica_4_saliencia_de_viole,SALIENCIA DE VIOLENCIA (violence salience — binaria 0/1),False,,,"El tuit describe un personaje ficticio que usa violencia con armas de fuego, pero no menciona ni alude a violencia, crimen o inseguridad contemporáneas en México. Por lo tanto, no es aplicable al criterio.",NO_APLICABLE,,
2074267489827958829,RÚBRICA 1,rubrica_1_dimension_simpatic,"DIMENSIÓN SIMPÁTICA / EMOCIONAL (sympathetic/emotional dimension - ""atmósfera"")",False,,,"El tweet expresa una emoción positiva (""Just amazing"") pero está dirigida a Times Square, que es un lugar en Nueva York, Estados Unidos, no en México. Por lo tanto, el contenido no se relaciona con la emoción del emisor hacia México o su gente.",NO_APLICABLE,,
2074267489827958829,RÚBRICA 2,rubrica_2_dimension_estetica,"DIMENSIÓN ESTÉTICA (aesthetic dimension — ""imagen cultural"")",False,,,"El tweet no evalúa ningún objeto cultural, gastronómico, histórico, artístico o escénico de México. Se refiere a Times Square, que no es un lugar en México, por lo tanto, el criterio no es aplicable.",NO_APLICABLE,,
2074267489827958829,RÚBRICA 3,rubrica_3_dimension_funciona,"DIMENSIÓN FUNCIONAL (functional dimension — ""perspectiva política"")",False,,,"El tweet expresa una emoción personal y una experiencia subjetiva sobre Times Square, sin evaluar ninguna competencia económica, política, institucional, de infraestructura, educativa/científica o de organización/logística/gestión de seguridad de México. Por lo tanto, no es aplicable a este criterio.",NO_APLICABLE,,
2074267489827958829,RÚBRICA 4,rubrica_4_saliencia_de_viole,SALIENCIA DE VIOLENCIA (violence salience — binaria 0/1),False,,,"El tuit describe una experiencia personal en Times Square, Nueva York, sin mencionar ni aludir a violencia, crimen o inseguridad contemporáneas en México. Por lo tanto, el contenido es ajeno a lo que este criterio evalúa.",NO_APLICABLE,,
2064730076076188021,RÚBRICA 1,rubrica_1_dimension_simpatic,"DIMENSIÓN SIMPÁTICA / EMOCIONAL (sympathetic/emotional dimension - ""atmósfera"")",False,,,"El tweet no expresa ninguna emoción del emisor hacia México ni su gente. Se refiere a una situación legal sobre posesión de drogas y sus consecuencias en el país, sin carga afectiva. El contexto previo falta, lo que limita la comprensión completa.",NO_APLICABLE,,reply
2064730076076188021,RÚBRICA 2,rubrica_2_dimension_estetica,"DIMENSIÓN ESTÉTICA (aesthetic dimension — ""imagen cultural"")",False,,,"El tweet no evalúa ningún objeto cultural, gastronómico, histórico, artístico o escénico de México. Se refiere a una situación legal personal relacionada con posesión de sustancias, lo cual no es relevante para el criterio. El contexto previo falta, pero el texto disponible no contiene elementos evaluables para este criterio.",NO_APLICABLE,,reply
2064730076076188021,RÚBRICA 3,rubrica_3_dimension_funciona,"DIMENSIÓN FUNCIONAL (functional dimension — ""perspectiva política"")",True,4,4.0,"El tweet describe una situación en México donde la posesión de una pequeña cantidad de droga (menos de media onza) resulta en confiscación sin multa, lo que sugiere una política o procedimiento institucional específico y predecible. Esto indica una competencia o eficacia institucional favorable en la gestión de delitos menores de drogas. El contexto previo falta.",OK,,reply
2064730076076188021,RÚBRICA 4,rubrica_4_saliencia_de_viole,SALIENCIA DE VIOLENCIA (violence salience — binaria 0/1),True,0,0.0,"El tuit menciona la confiscación de una sustancia en México, pero no alude a violencia, crimen o inseguridad contemporáneas en el país. El contexto previo falta, lo que podría aclarar la situación, pero con la información disponible, no se cumple el criterio.",OK,,reply
2078538234825490742,RÚBRICA 1,rubrica_1_dimension_simpatic,"DIMENSIÓN SIMPÁTICA / EMOCIONAL (sympathetic/emotional dimension - ""atmósfera"")",False,,,"El tweet expresa frustración personal por un viaje cancelado y el trabajo, pero no menciona a México ni a su gente, ni ninguna emoción hacia ellos. El contexto previo falta, lo que limita la comprensión, pero el texto actual no permite evaluar la dimensión simpática/emocional hacia el país.",NO_APLICABLE,,reply
2078538234825490742,RÚBRICA 2,rubrica_2_dimension_estetica,"DIMENSIÓN ESTÉTICA (aesthetic dimension — ""imagen cultural"")",False,,,"El tweet expresa una frustración personal por un viaje cancelado y el trabajo, sin mencionar ni evaluar ningún objeto cultural, gastronómico, histórico o escénico de México. El contexto previo falta, pero el texto disponible no permite aplicar el criterio.",NO_APLICABLE,,reply
2078538234825490742,RÚBRICA 3,rubrica_3_dimension_funciona,"DIMENSIÓN FUNCIONAL (functional dimension — ""perspectiva política"")",False,,,"El tweet expresa una queja personal sobre un vuelo cancelado y cómo esto afectó su semana y planes de cumpleaños. No evalúa la competencia o eficacia institucional u organizativa de México. El contexto previo falta, pero el texto disponible no se relaciona con el criterio.",NO_APLICABLE,,reply
2078538234825490742,RÚBRICA 4,rubrica_4_saliencia_de_viole,SALIENCIA DE VIOLENCIA (violence salience — binaria 0/1),False,,,"El tuit no menciona ni alude a violencia, crimen o inseguridad contemporáneas en México. El usuario expresa frustración por un evento personal que arruinó su semana, pero no hay indicios de que esté relacionado con el tema de violencia. El contexto previo falta, lo que limita la comprensión completa, pero el texto disponible no es relevante para el criterio.",NO_APLICABLE,,reply
2071092660568260958,RÚBRICA 1,rubrica_1_dimension_simpatic,"DIMENSIÓN SIMPÁTICA / EMOCIONAL (sympathetic/emotional dimension - ""atmósfera"")",False,,,"El tweet describe una experiencia personal en Liverpool, Inglaterra, y no menciona a México ni a su gente. Por lo tanto, no expresa ninguna emoción del emisor hacia México, lo que lo hace ajeno al criterio de evaluación.",NO_APLICABLE,,
2071092660568260958,RÚBRICA 2,rubrica_2_dimension_estetica,"DIMENSIÓN ESTÉTICA (aesthetic dimension — ""imagen cultural"")",False,,,"El tuit describe una experiencia personal en Liverpool, comparándola con su juventud. No evalúa ningún objeto cultural, gastronómico, histórico, artístico o escénico de México, por lo que no es aplicable a este criterio.",NO_APLICABLE,,
2071092660568260958,RÚBRICA 3,rubrica_3_dimension_funciona,"DIMENSIÓN FUNCIONAL (functional dimension — ""perspectiva política"")",False,,,"El tweet describe una experiencia personal y una observación sobre la vida nocturna en Liverpool, expresando nostalgia y aprecio por la ciudad. No evalúa ninguna competencia económica, política, institucional, de infraestructura, educativa/científica ni de organización/logística/gestión de seguridad de México, ni de ningún otro lugar.",NO_APLICABLE,,
2071092660568260958,RÚBRICA 4,rubrica_4_saliencia_de_viole,SALIENCIA DE VIOLENCIA (violence salience — binaria 0/1),False,,,"El tuit describe una experiencia personal en Liverpool, Inglaterra, sin mencionar ni aludir a violencia, crimen o inseguridad contemporáneas en México. Por lo tanto, el contenido es ajeno a lo que este criterio evalúa.",NO_APLICABLE,,
2078250311567692167,RÚBRICA 1,rubrica_1_dimension_simpatic,"DIMENSIÓN SIMPÁTICA / EMOCIONAL (sympathetic/emotional dimension - ""atmósfera"")",False,,,"El tweet es una respuesta a otro tweet no disponible, lo que limita el contexto. Sin embargo, el contenido presente (""¿Eso significa que le envías el cheque de regalías a @solidverbal?"") trata sobre un tema de logística o finanzas (cheque de regalías) y no expresa ninguna emoción del emisor hacia México o su gente. Por lo tanto, no es aplicable a este criterio.",NO_APLICABLE,,reply
2078250311567692167,RÚBRICA 2,rubrica_2_dimension_estetica,"DIMENSIÓN ESTÉTICA (aesthetic dimension — ""imagen cultural"")",False,,,"El tweet es una respuesta a otro tweet no disponible y su contenido se refiere a un cheque de regalías, lo cual no evalúa ningún objeto cultural, gastronómico, histórico, artístico o escénico de México. Por lo tanto, queda fuera del alcance de este criterio.",NO_APLICABLE,,reply
2078250311567692167,RÚBRICA 3,rubrica_3_dimension_funciona,"DIMENSIÓN FUNCIONAL (functional dimension — ""perspectiva política"")",False,,,"El tweet es una pregunta sobre el envío de un cheque de regalías, lo cual no evalúa ninguna competencia económica, política, institucional, de infraestructura, educativa/científica ni de organización/logística/gestión de seguridad de México. El contexto previo falta, lo que limita la comprensión, pero el texto disponible no se relaciona con el criterio.",NO_APLICABLE,,reply
2078250311567692167,RÚBRICA 4,rubrica_4_saliencia_de_viole,SALIENCIA DE VIOLENCIA (violence salience — binaria 0/1),False,,,"El tuit es una respuesta a otro tuit no disponible y pregunta sobre el envío de un cheque de regalías. No menciona ni alude a violencia, crimen o inseguridad contemporáneas en México, por lo que no es aplicable a este criterio. El contexto previo falta.",NO_APLICABLE,,reply
2082446119116653030,RÚBRICA 1,rubrica_1_dimension_simpatic,"DIMENSIÓN SIMPÁTICA / EMOCIONAL (sympathetic/emotional dimension - ""atmósfera"")",False,,,"El tweet es una respuesta a otro tweet no disponible y su contenido se refiere a una comparación entre el Odiseo de la mitología y una representación de Christopher Nolan. No expresa ninguna emoción del emisor hacia México ni su gente, por lo que no es aplicable a este criterio. El contexto previo falta.",NO_APLICABLE,,reply
2082446119116653030,RÚBRICA 2,rubrica_2_dimension_estetica,"DIMENSIÓN ESTÉTICA (aesthetic dimension — ""imagen cultural"")",False,,,"El tweet no evalúa ningún objeto cultural, gastronómico, histórico, artístico o escénico de México. Se refiere a una figura mitológica y una representación cinematográfica, sin conexión con el criterio. El contexto previo falta, pero el texto disponible no es relevante.",NO_APLICABLE,,reply
2082446119116653030,RÚBRICA 3,rubrica_3_dimension_funciona,"DIMENSIÓN FUNCIONAL (functional dimension — ""perspectiva política"")",False,,,"El tweet compara dos representaciones de Odiseo, una histórica y otra cinematográfica, sin evaluar ninguna competencia económica, política, institucional, de infraestructura, educativa/científica ni de organización/logística/gestión de seguridad de México. El contexto previo falta, pero el texto disponible no se relaciona con el criterio.",NO_APLICABLE,,reply
2082446119116653030,RÚBRICA 4,rubrica_4_saliencia_de_viole,SALIENCIA DE VIOLENCIA (violence salience — binaria 0/1),False,,,"El tuit no menciona ni alude a violencia, crimen o inseguridad contemporáneas en México. Se trata de una discusión sobre la representación de Odiseo en el cine, lo cual está completamente fuera del alcance del criterio. El contexto previo falta, pero el texto disponible no es relevante para el criterio.",NO_APLICABLE,,reply
2070056883168084097,RÚBRICA 1,rubrica_1_dimension_simpatic,"DIMENSIÓN SIMPÁTICA / EMOCIONAL (sympathetic/emotional dimension - ""atmósfera"")",False,,,"El tuit expresa la frustración de un fan de Escocia en Estados Unidos por la incertidumbre de su equipo en un torneo de fútbol. No hay ninguna mención o expresión de emoción hacia México o su gente, por lo que el criterio no es aplicable.",NO_APLICABLE,,
2070056883168084097,RÚBRICA 2,rubrica_2_dimension_estetica,"DIMENSIÓN ESTÉTICA (aesthetic dimension — ""imagen cultural"")",False,,,"El tweet no evalúa ningún objeto cultural, gastronómico, histórico, artístico o escénico de México. Se centra en la experiencia de un fan de fútbol en Estados Unidos, lo cual no es relevante para este criterio.",NO_APLICABLE,,
2070056883168084097,RÚBRICA 3,rubrica_3_dimension_funciona,"DIMENSIÓN FUNCIONAL (functional dimension — ""perspectiva política"")",False,,,"El tweet expresa la frustración personal de un aficionado de Escocia sobre la incertidumbre de su equipo en un torneo, sin evaluar ninguna competencia económica, política, institucional, de infraestructura, educativa/científica ni de organización/logística/gestión de seguridad de México. Por lo tanto, no es aplicable a este criterio.",NO_APLICABLE,,
2070056883168084097,RÚBRICA 4,rubrica_4_saliencia_de_viole,SALIENCIA DE VIOLENCIA (violence salience — binaria 0/1),False,,,"El tuit habla sobre ser fan de Escocia en Estados Unidos y esperar los resultados de un partido de fútbol. No menciona ni alude a violencia, crimen o inseguridad contemporáneas en México, por lo que no es aplicable a este criterio.",NO_APLICABLE,,
2070396120728244365,RÚBRICA 1,rubrica_1_dimension_simpatic,"DIMENSIÓN SIMPÁTICA / EMOCIONAL (sympathetic/emotional dimension - ""atmósfera"")",False,,,"El tweet es una respuesta que menciona un ""cuaderno muy estructurado"". No expresa ninguna emoción del emisor hacia México ni su gente, ni positiva ni negativa. El contexto previo falta, lo que limita la comprensión, pero el texto disponible no se relaciona con el criterio de evaluación.",NO_APLICABLE,,reply
2070396120728244365,RÚBRICA 2,rubrica_2_dimension_estetica,"DIMENSIÓN ESTÉTICA (aesthetic dimension — ""imagen cultural"")",False,,,"El tweet es una respuesta a otro tweet no disponible y no contiene ninguna evaluación de un objeto cultural, gastronómico, histórico, artístico o escénico de México. Por lo tanto, el criterio no es aplicable.",NO_APLICABLE,,reply
2070396120728244365,RÚBRICA 3,rubrica_3_dimension_funciona,"DIMENSIÓN FUNCIONAL (functional dimension — ""perspectiva política"")",False,,,"El tweet es una respuesta personal sobre cómo el usuario llama a su cuaderno, lo cual no evalúa ninguna competencia económica, política, institucional, de infraestructura, educativa/científica ni de organización/logística/gestión de seguridad de México. El contexto previo falta, pero el texto disponible no es relevante para el criterio.",NO_APLICABLE,,reply
2070396120728244365,RÚBRICA 4,rubrica_4_saliencia_de_viole,SALIENCIA DE VIOLENCIA (violence salience — binaria 0/1),False,,,"El tuit es una respuesta a otro tuit no disponible y no menciona ni alude a violencia, crimen o inseguridad contemporáneas en México. El contenido se refiere a un ""cuaderno muy estructurado"", lo cual es ajeno al criterio de evaluación. El contexto previo falta.",NO_APLICABLE,,reply
2075373055614849203,RÚBRICA 1,rubrica_1_dimension_simpatic,"DIMENSIÓN SIMPÁTICA / EMOCIONAL (sympathetic/emotional dimension - ""atmósfera"")",False,,,"El tweet describe una imagen de una persona en una playa de México, pero no expresa ninguna emoción del emisor hacia el país o su gente. El contexto previo falta, lo que podría haber aportado más información, pero con el texto disponible, el tweet queda fuera del alcance del criterio.",NO_APLICABLE,,reply
2075373055614849203,RÚBRICA 2,rubrica_2_dimension_estetica,"DIMENSIÓN ESTÉTICA (aesthetic dimension — ""imagen cultural"")",False,,,"El tweet no evalúa ningún objeto cultural, gastronómico, histórico, artístico o escénico de México. Simplemente menciona una persona en una playa de México. El contexto previo falta, lo que limita la interpretación.",NO_APLICABLE,,reply
2075373055614849203,RÚBRICA 3,rubrica_3_dimension_funciona,"DIMENSIÓN FUNCIONAL (functional dimension — ""perspectiva política"")",False,,,"El tweet es una descripción de una persona en una playa de México, sin ninguna referencia a la competencia económica, política, institucional, de infraestructura, educativa/científica o de organización/logística/gestión de seguridad. El contexto previo falta, pero el texto disponible no permite evaluar la dimensión funcional.",NO_APLICABLE,,reply
2075373055614849203,RÚBRICA 4,rubrica_4_saliencia_de_viole,SALIENCIA DE VIOLENCIA (violence salience — binaria 0/1),False,,,"El tuit, incluso con la advertencia de contexto incompleto, no menciona ni alude a violencia, crimen o inseguridad contemporáneas en México. Solo describe una persona en una playa de México, lo cual está fuera del alcance de este criterio.",NO_APLICABLE,,reply
2064803900373299339,RÚBRICA 1,rubrica_1_dimension_simpatic,"DIMENSIÓN SIMPÁTICA / EMOCIONAL (sympathetic/emotional dimension - ""atmósfera"")",False,,,"El tweet es una respuesta muy breve (""Definitely! 😝"") a un tweet anterior que no está disponible. Sin el contexto de la conversación, es imposible determinar si expresa alguna emoción hacia México o su gente. El contexto previo falta, por lo que no se puede evaluar según el criterio.",NO_APLICABLE,,reply
2064803900373299339,RÚBRICA 2,rubrica_2_dimension_estetica,"DIMENSIÓN ESTÉTICA (aesthetic dimension — ""imagen cultural"")",False,,,"El tweet es una respuesta monosilábica (""Definitely!"") que carece de contenido evaluativo sobre cualquier objeto cultural, gastronómico, histórico o escénico de México. El contexto previo falta, lo que impide determinar si la respuesta se refiere a algo relevante para el criterio.",NO_APLICABLE,,reply
2064803900373299339,RÚBRICA 3,rubrica_3_dimension_funciona,"DIMENSIÓN FUNCIONAL (functional dimension — ""perspectiva política"")",False,,,"El tweet es una respuesta breve y afirmativa (""Definitely!"") a otro tweet que no está disponible. No contiene ninguna evaluación sobre la competencia o eficacia institucional, económica, política, de infraestructura, educativa/científica, o de organización/logística/gestión de seguridad de México. El contexto previo falta, lo que impide cualquier interpretación funcional.",NO_APLICABLE,,reply
2064803900373299339,RÚBRICA 4,rubrica_4_saliencia_de_viole,SALIENCIA DE VIOLENCIA (violence salience — binaria 0/1),False,,,"El tuit es una respuesta breve que no contiene información suficiente para determinar si aborda el tema de violencia o inseguridad en México. El contexto previo falta, lo que impide una evaluación adecuada según el criterio.",NO_APLICABLE,,reply
2064468725273952606,RÚBRICA 1,rubrica_1_dimension_simpatic,"DIMENSIÓN SIMPÁTICA / EMOCIONAL (sympathetic/emotional dimension - ""atmósfera"")",False,,,"El tweet no expresa ninguna emoción del emisor hacia México ni su gente. El contenido se centra en una opinión personal sobre un orador en una graduación, lo cual no tiene relación con el criterio de evaluación.",NO_APLICABLE,,
2064468725273952606,RÚBRICA 2,rubrica_2_dimension_estetica,"DIMENSIÓN ESTÉTICA (aesthetic dimension — ""imagen cultural"")",False,,,"El tweet no evalúa ningún objeto cultural, gastronómico, histórico, artístico o escénico de México. Se centra en una opinión personal sobre una persona en una graduación, lo cual está fuera del alcance de este criterio.",NO_APLICABLE,,
2064468725273952606,RÚBRICA 3,rubrica_3_dimension_funciona,"DIMENSIÓN FUNCIONAL (functional dimension — ""perspectiva política"")",False,,,"El tweet expresa una opinión personal y un juicio de valor sobre una persona ('loser ass cheating bitch') en un contexto de graduación. No evalúa ninguna competencia económica, política, institucional, de infraestructura, educativa/científica ni de organización/logística/gestión de seguridad de México, por lo que no es aplicable a este criterio.",NO_APLICABLE,,
2064468725273952606,RÚBRICA 4,rubrica_4_saliencia_de_viole,SALIENCIA DE VIOLENCIA (violence salience — binaria 0/1),False,,,"El tuit describe una experiencia personal en una graduación y expresa una opinión negativa sobre el orador. No menciona ni alude a violencia, crimen o inseguridad contemporáneas en México, por lo que no es aplicable a este criterio.",NO_APLICABLE,,
2081635177067921746,RÚBRICA 1,rubrica_1_dimension_simpatic,"DIMENSIÓN SIMPÁTICA / EMOCIONAL (sympathetic/emotional dimension - ""atmósfera"")",False,,,"El tweet es una respuesta a otro tweet no disponible y no menciona a México ni a su gente. El emisor invita a otra persona a visitar el Reino Unido, lo cual no permite evaluar ninguna emoción hacia México. El contexto previo falta.",NO_APLICABLE,,reply
2081635177067921746,RÚBRICA 2,rubrica_2_dimension_estetica,"DIMENSIÓN ESTÉTICA (aesthetic dimension — ""imagen cultural"")",False,,,"El tweet no evalúa ningún objeto cultural, gastronómico, histórico, artístico o escénico de México. Es una invitación a visitar el Reino Unido. El contexto previo falta, pero el texto disponible no contiene elementos relevantes para este criterio.",NO_APLICABLE,,reply
2081635177067921746,RÚBRICA 3,rubrica_3_dimension_funciona,"DIMENSIÓN FUNCIONAL (functional dimension — ""perspectiva política"")",False,,,"El tweet es una invitación personal a visitar el Reino Unido y no contiene ninguna evaluación sobre la competencia o eficacia institucional, económica, política, de infraestructura, educativa/científica, o de organización/logística/gestión de seguridad de México. El contexto previo falta, pero el texto disponible no es relevante para el criterio.",NO_APLICABLE,,reply
2081635177067921746,RÚBRICA 4,rubrica_4_saliencia_de_viole,SALIENCIA DE VIOLENCIA (violence salience — binaria 0/1),False,,,"El tuit es una invitación a visitar el Reino Unido y no menciona ni alude a violencia, crimen o inseguridad contemporáneas en México. El contexto previo falta, pero el texto disponible no es relevante para el criterio.",NO_APLICABLE,,reply
2069525621206609947,RÚBRICA 1,rubrica_1_dimension_simpatic,"DIMENSIÓN SIMPÁTICA / EMOCIONAL (sympathetic/emotional dimension - ""atmósfera"")",False,,,"El tweet no expresa ninguna emoción del emisor hacia México ni su gente. El contenido se refiere a una frase común ('only in milwaukee') y la existencia de internet, sin ninguna carga afectiva hacia un país o su gente.",NO_APLICABLE,,quote
2069525621206609947,RÚBRICA 2,rubrica_2_dimension_estetica,"DIMENSIÓN ESTÉTICA (aesthetic dimension — ""imagen cultural"")",False,,,"El tweet no evalúa ningún objeto cultural, gastronómico, histórico, artístico o escénico de México. Se trata de una crítica a una expresión común en internet, sin relación con el criterio de dimensión estética.",NO_APLICABLE,,quote
2069525621206609947,RÚBRICA 3,rubrica_3_dimension_funciona,"DIMENSIÓN FUNCIONAL (functional dimension — ""perspectiva política"")",False,,,"El tweet no evalúa ninguna competencia económica, política, institucional, de infraestructura, educativa/científica ni de organización/logística/gestión de seguridad de México. Se trata de una expresión de incredulidad sobre un comentario ajeno, sin contenido funcional.",NO_APLICABLE,,quote
2069525621206609947,RÚBRICA 4,rubrica_4_saliencia_de_viole,SALIENCIA DE VIOLENCIA (violence salience — binaria 0/1),False,,,"El tuit no menciona ni alude a violencia, crimen o inseguridad contemporáneas en México. El contenido es una crítica a la frase ""solo en Milwaukee"", sin especificar el tema al que se refiere la frase original, y no hay elementos para inferir que se trate de violencia en México.",NO_APLICABLE,,quote
2074207289012298220,RÚBRICA 1,rubrica_1_dimension_simpatic,"DIMENSIÓN SIMPÁTICA / EMOCIONAL (sympathetic/emotional dimension - ""atmósfera"")",False,,,"El tweet expresa una emoción fuerte (""¡Esto no puede estar pasando! ¡Es una locura!""), pero no se dirige explícitamente hacia México o su gente. Al citar otro tweet no disponible, no hay contexto para determinar el objeto de la emoción, por lo que no es aplicable al criterio.",NO_APLICABLE,,quote
2074207289012298220,RÚBRICA 2,rubrica_2_dimension_estetica,"DIMENSIÓN ESTÉTICA (aesthetic dimension — ""imagen cultural"")",False,,,"El tweet expresa una exclamación de sorpresa o incredulidad (""¡Esto no puede estar pasando! ¡Es una locura!"") pero no evalúa ningún objeto cultural, gastronómico, histórico, artístico o escénico de México. Al citar otro tweet no disponible, no hay información suficiente para determinar si el contenido original era relevante para el criterio.",NO_APLICABLE,,quote
2074207289012298220,RÚBRICA 3,rubrica_3_dimension_funciona,"DIMENSIÓN FUNCIONAL (functional dimension — ""perspectiva política"")",False,,,"El tweet expresa una exclamación de sorpresa y desaprobación (""¡Esto no puede estar pasando! ¡Es una locura!"") sin proporcionar detalles sobre el evento o situación a la que se refiere. Al citar otro tweet no disponible, no hay información para evaluar la competencia institucional.",NO_APLICABLE,,quote
2074207289012298220,RÚBRICA 4,rubrica_4_saliencia_de_viole,SALIENCIA DE VIOLENCIA (violence salience — binaria 0/1),False,,,"El tuit expresa indignación general (""¡Esto no puede estar pasando! ¡Es una locura!"") pero no menciona ni alude a violencia, crimen o inseguridad contemporáneas en México. La URL citada no está disponible, por lo que no se puede inferir el contexto.",NO_APLICABLE,,quote
2064344966009127046,RÚBRICA 1,rubrica_1_dimension_simpatic,"DIMENSIÓN SIMPÁTICA / EMOCIONAL (sympathetic/emotional dimension - ""atmósfera"")",False,,,"El tweet es una receta de comida y no expresa ninguna emoción del emisor hacia México ni su gente. Por lo tanto, no es aplicable a este criterio de evaluación.",NO_APLICABLE,,
2064344966009127046,RÚBRICA 2,rubrica_2_dimension_estetica,"DIMENSIÓN ESTÉTICA (aesthetic dimension — ""imagen cultural"")",False,,,"El tweet presenta una receta de sándwiches de albóndigas, sin hacer referencia a ningún objeto cultural, gastronómico, histórico, artístico o escénico de México. Por lo tanto, no es aplicable a este criterio.",NO_APLICABLE,,
2064344966009127046,RÚBRICA 3,rubrica_3_dimension_funciona,"DIMENSIÓN FUNCIONAL (functional dimension — ""perspectiva política"")",False,,,"El tweet es una receta de comida y no evalúa ninguna competencia económica, política, institucional, de infraestructura, educativa/científica ni de organización/logística/gestión de seguridad de México. Por lo tanto, no es aplicable a este criterio.",NO_APLICABLE,,
2064344966009127046,RÚBRICA 4,rubrica_4_saliencia_de_viole,SALIENCIA DE VIOLENCIA (violence salience — binaria 0/1),False,,,"El tuit es una receta de comida y no menciona ni alude a violencia, crimen o inseguridad contemporáneas en México. Por lo tanto, el contenido es ajeno a lo que este criterio evalúa.",NO_APLICABLE,,
2066764934843908254,RÚBRICA 1,rubrica_1_dimension_simpatic,"DIMENSIÓN SIMPÁTICA / EMOCIONAL (sympathetic/emotional dimension - ""atmósfera"")",False,,,"El tweet no expresa ninguna emoción del emisor hacia México ni su gente. Se refiere a una idea que se volvió viral y la intención de conseguirle más prensa, sin mencionar el país o sus habitantes. El contexto previo falta, pero el texto disponible no permite evaluar la dimensión simpática/emocional hacia México.",NO_APLICABLE,,reply
2066764934843908254,RÚBRICA 2,rubrica_2_dimension_estetica,"DIMENSIÓN ESTÉTICA (aesthetic dimension — ""imagen cultural"")",False,,,"El tweet no evalúa ningún objeto cultural, gastronómico, histórico, artístico o escénico de México. Se refiere a una ""idea"" que se volvió viral y a la intención de conseguirle más prensa, sin especificar de qué trata la idea. El contexto previo falta, lo que limita la comprensión.",NO_APLICABLE,,reply
2066764934843908254,RÚBRICA 3,rubrica_3_dimension_funciona,"DIMENSIÓN FUNCIONAL (functional dimension — ""perspectiva política"")",False,,,"El tweet no evalúa ninguna competencia económica, política, institucional, de infraestructura, educativa/científica ni de organización/logística/gestión de seguridad de México. Se refiere a una idea que se volvió viral y fue ejecutada por alguien, sin especificar el ámbito funcional. El contexto previo falta, lo que limita la comprensión.",NO_APLICABLE,,reply
2066764934843908254,RÚBRICA 4,rubrica_4_saliencia_de_viole,SALIENCIA DE VIOLENCIA (violence salience — binaria 0/1),False,,,"El tuit no menciona ni alude a violencia, crimen o inseguridad contemporáneas en México. El contenido se refiere a una idea que se volvió viral y la intención de conseguirle más prensa. El contexto previo falta, pero el texto disponible no es relevante para el criterio.",NO_APLICABLE,,reply
2061801336178717019,RÚBRICA 1,rubrica_1_dimension_simpatic,"DIMENSIÓN SIMPÁTICA / EMOCIONAL (sympathetic/emotional dimension - ""atmósfera"")",False,,,"El tweet habla sobre un personaje de ficción ('Lotta-chan') y su situación en una historia. No expresa ninguna emoción del emisor hacia México ni su gente, por lo que no es aplicable a este criterio.",NO_APLICABLE,,
2061801336178717019,RÚBRICA 3,rubrica_3_dimension_funciona,"DIMENSIÓN FUNCIONAL (functional dimension — ""perspectiva política"")",False,,,"El tweet describe a un personaje de ficción ('Lotta-chan') y su situación en una historia, centrándose en aspectos emocionales y narrativos. No evalúa ninguna competencia económica, política, institucional, de infraestructura, educativa/científica ni de organización/logística/gestión de seguridad de México, por lo que no es aplicable a este criterio.",NO_APLICABLE,,
2061801336178717019,RÚBRICA 4,rubrica_4_saliencia_de_viole,SALIENCIA DE VIOLENCIA (violence salience — binaria 0/1),False,,,"El tuit describe a un personaje de ficción ('Lotta-chan') que sufre secuestro y tortura. Sin embargo, no menciona ni alude a violencia, crimen o inseguridad contemporáneas en México, por lo que queda fuera del alcance de este criterio.",NO_APLICABLE,,
2075734202503541049,RÚBRICA 1,rubrica_1_dimension_simpatic,"DIMENSIÓN SIMPÁTICA / EMOCIONAL (sympathetic/emotional dimension - ""atmósfera"")",False,,,"El tweet es una respuesta a otro tweet no disponible y su contenido ""ESPERA BORRA ESTO AHORA…"" no expresa ninguna emoción del emisor hacia México ni su gente. El contexto previo falta, lo que impide determinar si hay alguna relación con el criterio.",NO_APLICABLE,,reply
2075734202503541049,RÚBRICA 2,rubrica_2_dimension_estetica,"DIMENSIÓN ESTÉTICA (aesthetic dimension — ""imagen cultural"")",False,,,"El tweet es una respuesta que pide borrar algo, pero el contenido del tweet original al que responde no está disponible. No hay ninguna evaluación de un objeto cultural, gastronómico, histórico, artístico o escénico de México en el texto presente. El contexto previo falta.",NO_APLICABLE,,reply
2075734202503541049,RÚBRICA 3,rubrica_3_dimension_funciona,"DIMENSIÓN FUNCIONAL (functional dimension — ""perspectiva política"")",False,,,"El tweet es una respuesta que pide borrar algo, sin dar detalles sobre el contenido original. No evalúa ninguna competencia institucional, económica, política, de infraestructura, educativa/científica ni de organización/logística/gestión de seguridad de México. El contexto previo falta, lo que limita la comprensión.",NO_APLICABLE,,reply
2075734202503541049,RÚBRICA 4,rubrica_4_saliencia_de_viole,SALIENCIA DE VIOLENCIA (violence salience — binaria 0/1),False,,,"El tuit es una respuesta a otro tuit no disponible y solo contiene una exclamación para borrar algo, sin mencionar ni aludir a violencia, crimen o inseguridad contemporáneas en México. El contexto previo falta, lo que limita la evaluación.",NO_APLICABLE,,reply
2068148697066836060,RÚBRICA 1,rubrica_1_dimension_simpatic,"DIMENSIÓN SIMPÁTICA / EMOCIONAL (sympathetic/emotional dimension - ""atmósfera"")",False,,,"El tweet es una respuesta a otro tweet no disponible y no contiene ninguna expresión de emoción del emisor hacia México o su gente. El contenido es una referencia a un personaje y emojis de desaprobación, sin relación con el criterio de evaluación. El contexto previo falta.",NO_APLICABLE,,reply
2068148697066836060,RÚBRICA 2,rubrica_2_dimension_estetica,"DIMENSIÓN ESTÉTICA (aesthetic dimension — ""imagen cultural"")",False,,,"El tweet es una respuesta a otro tweet no disponible y no contiene ninguna evaluación de un objeto cultural, gastronómico, histórico, artístico o escénico de México. Por lo tanto, no es aplicable a este criterio.",NO_APLICABLE,,reply
2068148697066836060,RÚBRICA 3,rubrica_3_dimension_funciona,"DIMENSIÓN FUNCIONAL (functional dimension — ""perspectiva política"")",False,,,"El tweet es una respuesta a otro tweet no disponible y utiliza una expresión coloquial (""dora the dih explorer"") que no evalúa ninguna competencia económica, política, institucional, de infraestructura, educativa/científica ni de organización/logística/gestión de seguridad de México. El contexto previo falta, pero el texto presente no es relevante para el criterio.",NO_APLICABLE,,reply
2068148697066836060,RÚBRICA 4,rubrica_4_saliencia_de_viole,SALIENCIA DE VIOLENCIA (violence salience — binaria 0/1),False,,,"El tuit es una respuesta que no menciona ni alude a violencia, crimen o inseguridad contemporáneas en México. El contexto previo falta, pero el texto disponible no permite evaluar el criterio.",NO_APLICABLE,,reply
2073888589113405832,RÚBRICA 1,rubrica_1_dimension_simpatic,"DIMENSIÓN SIMPÁTICA / EMOCIONAL (sympathetic/emotional dimension - ""atmósfera"")",False,,,"El tweet es una respuesta a otro tweet no disponible y no contiene ninguna expresión de emoción del emisor hacia México o su gente. El contenido es una solicitud de información, lo que lo hace ajeno al criterio de evaluación. El contexto previo falta.",NO_APLICABLE,,reply
2073888589113405832,RÚBRICA 2,rubrica_2_dimension_estetica,"DIMENSIÓN ESTÉTICA (aesthetic dimension — ""imagen cultural"")",False,,,"El tweet es una respuesta a otro tweet no disponible y no contiene ninguna evaluación de un objeto cultural, gastronómico, histórico, artístico o escénico de México. Por lo tanto, queda fuera del alcance de este criterio.",NO_APLICABLE,,reply
2073888589113405832,RÚBRICA 3,rubrica_3_dimension_funciona,"DIMENSIÓN FUNCIONAL (functional dimension — ""perspectiva política"")",False,,,"El tweet es una respuesta que expresa interés en que se le muestre algo, pero no contiene ninguna evaluación sobre la competencia o eficacia institucional u organizativa. El contexto previo falta, lo que limita la comprensión, pero el texto actual no se relaciona con el criterio.",NO_APLICABLE,,reply
2073888589113405832,RÚBRICA 4,rubrica_4_saliencia_de_viole,SALIENCIA DE VIOLENCIA (violence salience — binaria 0/1),False,,,"El tuit es una respuesta a otro tuit no disponible y su contenido (""Estoy bastante interesado, muestra"") no menciona ni alude a violencia, crimen o inseguridad contemporáneas en México. Por lo tanto, el criterio no es aplicable.",NO_APLICABLE,,reply
2068009141923197177,RÚBRICA 1,rubrica_1_dimension_simpatic,"DIMENSIÓN SIMPÁTICA / EMOCIONAL (sympathetic/emotional dimension - ""atmósfera"")",False,,,"El tweet se limita a una observación sobre arquitectura ('Arches are in') y comparte una imagen, sin expresar ninguna emoción o sentimiento hacia México o su gente. Por lo tanto, no es aplicable a este criterio.",NO_APLICABLE,,
2068009141923197177,RÚBRICA 2,rubrica_2_dimension_estetica,"DIMENSIÓN ESTÉTICA (aesthetic dimension — ""imagen cultural"")",False,,,"El tweet es una observación genérica sobre una tendencia arquitectónica ('Arches are in') y no contiene ningún juicio evaluativo sobre un objeto cultural, gastronómico, histórico, artístico o escénico específico de México. Por lo tanto, no es aplicable a este criterio.",NO_APLICABLE,,
2068009141923197177,RÚBRICA 3,rubrica_3_dimension_funciona,"DIMENSIÓN FUNCIONAL (functional dimension — ""perspectiva política"")",False,,,"El tweet es una declaración de moda o diseño sobre arcos, sin ninguna referencia a la competencia económica, política, institucional, de infraestructura, educativa/científica o de organización/logística/gestión de seguridad de México. Por lo tanto, no es aplicable a este criterio.",NO_APLICABLE,,
2068009141923197177,RÚBRICA 4,rubrica_4_saliencia_de_viole,SALIENCIA DE VIOLENCIA (violence salience — binaria 0/1),False,,,"El tuit es una declaración de moda sobre arcos y no menciona ni alude a violencia, crimen o inseguridad contemporáneas en México. Por lo tanto, no es aplicable a este criterio.",NO_APLICABLE,,
2062669813747462201,RÚBRICA 1,rubrica_1_dimension_simpatic,"DIMENSIÓN SIMPÁTICA / EMOCIONAL (sympathetic/emotional dimension - ""atmósfera"")",False,,,"El tweet no expresa ninguna emoción del emisor hacia México ni su gente. El contenido se refiere a un juego o deporte ('getting buckets') y no tiene relación con el criterio de dimensión simpática/emocional. El contexto previo falta, pero el texto disponible no permite inferir relevancia.",NO_APLICABLE,,reply
2062669813747462201,RÚBRICA 2,rubrica_2_dimension_estetica,"DIMENSIÓN ESTÉTICA (aesthetic dimension — ""imagen cultural"")",False,,,"El tweet no evalúa ningún objeto cultural, gastronómico, histórico, artístico o escénico de México. Se trata de un comentario sobre un juego o deporte, lo que lo hace ajeno al criterio. El contexto previo falta, pero el texto disponible no es relevante para la dimensión estética.",NO_APLICABLE,,reply
2062669813747462201,RÚBRICA 3,rubrica_3_dimension_funciona,"DIMENSIÓN FUNCIONAL (functional dimension — ""perspectiva política"")",False,,,"El tweet es una respuesta a otro tweet no disponible y su contenido se refiere a un comentario personal sobre un jugador de baloncesto (""Ques on the squad getting buckets""). No evalúa ninguna competencia económica, política, institucional, de infraestructura, educativa/científica ni de organización/logística/gestión de seguridad de México, por lo que no es aplicable a este criterio.",NO_APLICABLE,,reply
2062669813747462201,RÚBRICA 4,rubrica_4_saliencia_de_viole,SALIENCIA DE VIOLENCIA (violence salience — binaria 0/1),False,,,"El tuit es una respuesta a otro tuit no disponible. El contenido del tuit actual no menciona ni alude a violencia, crimen o inseguridad contemporáneas en México. Se refiere a un contexto deportivo ('getting buckets'), lo cual lo hace ajeno al criterio de evaluación.",NO_APLICABLE,,reply
2073873264946847905,RÚBRICA 1,rubrica_1_dimension_simpatic,"DIMENSIÓN SIMPÁTICA / EMOCIONAL (sympathetic/emotional dimension - ""atmósfera"")",False,,,"El tweet es una respuesta directa a otros usuarios y contiene una descalificación personal (""You're delusional""). No expresa ninguna emoción del emisor hacia México o su gente, ni positiva ni negativa. El contexto previo falta, lo que limita la comprensión, pero el texto disponible no se relaciona con el criterio.",NO_APLICABLE,,reply
2073873264946847905,RÚBRICA 2,rubrica_2_dimension_estetica,"DIMENSIÓN ESTÉTICA (aesthetic dimension — ""imagen cultural"")",False,,,"El tweet es una respuesta a otro tweet no disponible y solo contiene una interjección (""You're delusional""). No evalúa ningún objeto cultural, gastronómico, histórico, artístico o escénico de México, por lo que no es aplicable a este criterio. El contexto previo falta.",NO_APLICABLE,,reply
2073873264946847905,RÚBRICA 3,rubrica_3_dimension_funciona,"DIMENSIÓN FUNCIONAL (functional dimension — ""perspectiva política"")",False,,,"El tweet es una respuesta directa a otro tweet no disponible y se limita a un ataque personal (""You're delusional""). No evalúa ninguna competencia institucional, organizativa, económica, política, de infraestructura, educativa/científica o de seguridad de México. El contexto previo falta, lo que limita aún más la interpretación.",NO_APLICABLE,,reply
2073873264946847905,RÚBRICA 4,rubrica_4_saliencia_de_viole,SALIENCIA DE VIOLENCIA (violence salience — binaria 0/1),False,,,"El tuit es una respuesta que dice ""Estás delirando"" y no menciona ni alude a violencia, crimen o inseguridad contemporáneas en México. El contexto previo falta, lo que limita la evaluación, pero con el texto disponible no se puede determinar la saliencia de violencia.",NO_APLICABLE,,reply
2077863607912579198,RÚBRICA 1,rubrica_1_dimension_simpatic,"DIMENSIÓN SIMPÁTICA / EMOCIONAL (sympathetic/emotional dimension - ""atmósfera"")",False,,,"El tweet es una respuesta a otro tweet no disponible y solo contiene una pregunta sobre un nombre (""Kelly who?""). No expresa ninguna emoción del emisor hacia México ni su gente, por lo que no es aplicable a este criterio. El contexto previo falta.",NO_APLICABLE,,reply
2077863607912579198,RÚBRICA 2,rubrica_2_dimension_estetica,"DIMENSIÓN ESTÉTICA (aesthetic dimension — ""imagen cultural"")",False,,,"El tweet es una respuesta a otro tweet no disponible y solo contiene una pregunta sobre un nombre (""¿Kelly quién?""). No evalúa ningún objeto cultural, gastronómico, histórico, artístico o escénico de México, por lo que no es aplicable a este criterio.",NO_APLICABLE,,reply
2077863607912579198,RÚBRICA 3,rubrica_3_dimension_funciona,"DIMENSIÓN FUNCIONAL (functional dimension — ""perspectiva política"")",False,,,"El tweet es una pregunta retórica sobre una persona (""Kelly who?"") y no evalúa ninguna competencia económica, política, institucional, de infraestructura, educativa/científica ni de organización/logística/gestión de seguridad de México. El contexto previo falta, lo que limita la comprensión, pero el texto disponible no se relaciona con el criterio.",NO_APLICABLE,,reply
2077863607912579198,RÚBRICA 4,rubrica_4_saliencia_de_viole,SALIENCIA DE VIOLENCIA (violence salience — binaria 0/1),False,,,"El tuit es una respuesta a otro tuit no disponible y pregunta ""¿Kelly quién?"". No menciona ni alude a violencia, crimen o inseguridad contemporáneas en México, por lo que queda fuera del alcance de este criterio. El contexto previo falta.",NO_APLICABLE,,reply
2081558755745866116,RÚBRICA 1,rubrica_1_dimension_simpatic,"DIMENSIÓN SIMPÁTICA / EMOCIONAL (sympathetic/emotional dimension - ""atmósfera"")",False,,,"El tweet es una respuesta a otro tweet no disponible y discute sobre la responsabilidad del comportamiento de otras personas. No expresa ninguna emoción del emisor hacia México ni su gente, por lo que no es aplicable a este criterio. El contexto previo falta.",NO_APLICABLE,,reply
2081558755745866116,RÚBRICA 2,rubrica_2_dimension_estetica,"DIMENSIÓN ESTÉTICA (aesthetic dimension — ""imagen cultural"")",False,,,"El tweet es una respuesta a otro tweet no disponible y discute sobre la responsabilidad del comportamiento de otras personas. No evalúa ningún objeto cultural, gastronómico, histórico, artístico o escénico de México, por lo que no es aplicable a este criterio. El contexto previo falta.",NO_APLICABLE,,reply
2081558755745866116,RÚBRICA 3,rubrica_3_dimension_funciona,"DIMENSIÓN FUNCIONAL (functional dimension — ""perspectiva política"")",False,,,"El tweet es una respuesta a otro tweet no disponible y discute la responsabilidad de Glasser por el comportamiento de otras personas. No evalúa ninguna competencia económica, política, institucional, de infraestructura, educativa/científica ni de organización/logística/gestión de seguridad de México. El contexto previo falta.",NO_APLICABLE,,reply
2081558755745866116,RÚBRICA 4,rubrica_4_saliencia_de_viole,SALIENCIA DE VIOLENCIA (violence salience — binaria 0/1),False,,,"El tuit es una respuesta a otro tuit no disponible y discute sobre la responsabilidad del comportamiento de otras personas, sin mencionar ni aludir a violencia, crimen o inseguridad contemporáneas en México. El contexto previo falta, lo que limita la comprensión completa, pero el texto actual no se relaciona con el criterio.",NO_APLICABLE,,reply
2061707872611053738,RÚBRICA 1,rubrica_1_dimension_simpatic,"DIMENSIÓN SIMPÁTICA / EMOCIONAL (sympathetic/emotional dimension - ""atmósfera"")",False,,,"El tweet es una pregunta simple (""¿Por qué?"") que carece de contexto y no expresa ninguna emoción del emisor hacia México o su gente. El contexto previo falta, lo que impide cualquier evaluación relevante para este criterio.",NO_APLICABLE,,reply
2061707872611053738,RÚBRICA 2,rubrica_2_dimension_estetica,"DIMENSIÓN ESTÉTICA (aesthetic dimension — ""imagen cultural"")",False,,,"El tweet es una pregunta simple (""Why?"") que no contiene ningún juicio evaluativo sobre un objeto cultural, gastronómico, histórico, artístico o escénico de México. El contexto previo falta, lo que impide entender a qué se refiere la pregunta.",NO_APLICABLE,,reply
2061707872611053738,RÚBRICA 3,rubrica_3_dimension_funciona,"DIMENSIÓN FUNCIONAL (functional dimension — ""perspectiva política"")",False,,,"El tweet es una pregunta simple (""Why?"") que no contiene ninguna evaluación sobre la competencia o eficacia institucional u organizativa de México. El contexto previo falta, lo que impide cualquier interpretación funcional.",NO_APLICABLE,,reply
2061707872611053738,RÚBRICA 4,rubrica_4_saliencia_de_viole,SALIENCIA DE VIOLENCIA (violence salience — binaria 0/1),False,,,"El tweet es una pregunta monosilábica (""Why?"") que carece de contexto para determinar si se refiere a violencia, crimen o inseguridad en México. Al ser una respuesta y faltar el tweet original, no es posible evaluar su saliencia de violencia. El contexto previo falta.",NO_APLICABLE,,reply
2068000451581120873,RÚBRICA 1,rubrica_1_dimension_simpatic,"DIMENSIÓN SIMPÁTICA / EMOCIONAL (sympathetic/emotional dimension - ""atmósfera"")",True,4,4.0,"El tuit expresa una emoción positiva clara hacia México y su gente. Frases como ""Such a vibe"", ""Good Eats and so much fun 😊"" indican agrado y disfrute de la atmósfera y la experiencia en el país, lo que se alinea con el descriptor de emoción positiva.",OK,,
2068000451581120873,RÚBRICA 2,rubrica_2_dimension_estetica,"DIMENSIÓN ESTÉTICA (aesthetic dimension — ""imagen cultural"")",True,4,4.0,"El tweet menciona ""Good Eats"", lo que constituye una valoración positiva de la gastronomía mexicana. Aunque es breve, es un juicio favorable sobre un objeto cultural (la comida), lo que se alinea con el nivel 4.",OK,,
2068000451581120873,RÚBRICA 3,rubrica_3_dimension_funciona,"DIMENSIÓN FUNCIONAL (functional dimension — ""perspectiva política"")",False,,,"El tweet describe una experiencia personal de ocio y diversión durante el Mundial, enfocándose en el ambiente y la comida. No evalúa ninguna competencia económica, política, institucional, de infraestructura, educativa/científica ni de organización/logística/gestión de seguridad de México.",NO_APLICABLE,,
2068000451581120873,RÚBRICA 4,rubrica_4_saliencia_de_viole,SALIENCIA DE VIOLENCIA (violence salience — binaria 0/1),False,,,"El tuit describe una experiencia de vacaciones en México durante el Mundial de la FIFA, mencionando un ambiente intenso, buena comida y diversión. No hay mención ni alusión a violencia, crimen o inseguridad contemporáneas en México, por lo que el criterio no es aplicable.",NO_APLICABLE,,
2073847737997468118,RÚBRICA 1,rubrica_1_dimension_simpatic,"DIMENSIÓN SIMPÁTICA / EMOCIONAL (sympathetic/emotional dimension - ""atmósfera"")",False,,,"El tweet es una respuesta a otro tweet no disponible y su contenido (""She is becoming a popular oc!"") no expresa ninguna emoción del emisor hacia México ni su gente. Por lo tanto, queda fuera del alcance de este criterio.",NO_APLICABLE,,reply
2073847737997468118,RÚBRICA 2,rubrica_2_dimension_estetica,"DIMENSIÓN ESTÉTICA (aesthetic dimension — ""imagen cultural"")",False,,,"El tweet no evalúa ningún objeto cultural, gastronómico, histórico, artístico o escénico de México. Se refiere a un ""oc"" (personaje original) que se está volviendo popular, lo cual no se relaciona con el criterio de dimensión estética de un objeto cultural. El contexto previo falta, pero el texto disponible no es relevante para este criterio.",NO_APLICABLE,,reply
2073847737997468118,RÚBRICA 3,rubrica_3_dimension_funciona,"DIMENSIÓN FUNCIONAL (functional dimension — ""perspectiva política"")",False,,,"El tweet es una respuesta a otro tweet no disponible y se refiere a la popularidad de un ""oc"" (personaje original), lo cual no tiene relación con la evaluación de la competencia o eficacia institucional u organizativa de México. El contexto previo falta.",NO_APLICABLE,,reply
2073847737997468118,RÚBRICA 4,rubrica_4_saliencia_de_viole,SALIENCIA DE VIOLENCIA (violence salience — binaria 0/1),False,,,"El tuit es una respuesta a otro tuit no disponible y no menciona ni alude a violencia, crimen o inseguridad contemporáneas en México. El contenido se refiere a un 'oc' (personaje original), lo cual está fuera del alcance del criterio.",NO_APLICABLE,,reply
2069263776994525433,RÚBRICA 1,rubrica_1_dimension_simpatic,"DIMENSIÓN SIMPÁTICA / EMOCIONAL (sympathetic/emotional dimension - ""atmósfera"")",False,,,"El tweet solo comenta sobre un fenómeno meteorológico ('How is it still going on? #thunderstorm') sin expresar ninguna emoción o sentimiento hacia México o su gente. Por lo tanto, no es aplicable a este criterio.",NO_APLICABLE,,
2069263776994525433,RÚBRICA 2,rubrica_2_dimension_estetica,"DIMENSIÓN ESTÉTICA (aesthetic dimension — ""imagen cultural"")",False,,,"El tweet no evalúa ningún objeto cultural, gastronómico, histórico, artístico o escénico de México. Solo comenta sobre un fenómeno meteorológico, lo cual está fuera del alcance de este criterio.",NO_APLICABLE,,
2069263776994525433,RÚBRICA 3,rubrica_3_dimension_funciona,"DIMENSIÓN FUNCIONAL (functional dimension — ""perspectiva política"")",False,,,"El tweet expresa una pregunta sobre la duración de una tormenta, lo cual es una observación sobre un fenómeno natural. No evalúa ninguna competencia económica, política, institucional, de infraestructura, educativa/científica ni de organización/logística/gestión de seguridad de México.",NO_APLICABLE,,
2069263776994525433,RÚBRICA 4,rubrica_4_saliencia_de_viole,SALIENCIA DE VIOLENCIA (violence salience — binaria 0/1),False,,,"El tuit pregunta sobre un ""thunderstorm"" (tormenta eléctrica), un fenómeno meteorológico. No menciona ni alude a violencia, crimen o inseguridad contemporáneas en México, por lo que no es aplicable a este criterio.",NO_APLICABLE,,
2077505756694196530,RÚBRICA 1,rubrica_1_dimension_simpatic,"DIMENSIÓN SIMPÁTICA / EMOCIONAL (sympathetic/emotional dimension - ""atmósfera"")",False,,,"El tweet evalúa el desempeño de un entrenador de fútbol, criticando sus decisiones tácticas y el resultado del partido. No expresa ninguna emoción del emisor hacia México ni su gente, por lo que no es aplicable a este criterio.",NO_APLICABLE,,
2077505756694196530,RÚBRICA 2,rubrica_2_dimension_estetica,"DIMENSIÓN ESTÉTICA (aesthetic dimension — ""imagen cultural"")",False,,,"El tweet discute el desempeño de un entrenador de fútbol y las decisiones tácticas en un partido. No evalúa ningún objeto cultural, gastronómico, histórico, artístico o escénico de México, por lo que no es aplicable a este criterio.",NO_APLICABLE,,
2077505756694196530,RÚBRICA 3,rubrica_3_dimension_funciona,"DIMENSIÓN FUNCIONAL (functional dimension — ""perspectiva política"")",False,,,"El tweet evalúa el desempeño de un entrenador de fútbol, no la competencia o eficacia de una institución, organización, infraestructura o gestión pública en México. Por lo tanto, no es aplicable a este criterio.",NO_APLICABLE,,
2077505756694196530,RÚBRICA 4,rubrica_4_saliencia_de_viole,SALIENCIA DE VIOLENCIA (violence salience — binaria 0/1),False,,,"El tuit discute sobre fútbol y la actuación de un entrenador, sin mencionar ni aludir a violencia, crimen o inseguridad contemporáneas en México. Por lo tanto, el contenido es ajeno al criterio de evaluación.",NO_APLICABLE,,
2064637892727886254,RÚBRICA 1,rubrica_1_dimension_simpatic,"DIMENSIÓN SIMPÁTICA / EMOCIONAL (sympathetic/emotional dimension - ""atmósfera"")",False,,,"El tweet es una respuesta a otro tweet no disponible y no expresa ninguna emoción del emisor hacia México o su gente. El contenido se refiere a una ""intersección de todo lo anterior"" y a un ""vibe coder"", lo cual no se relaciona con el criterio de evaluación. El contexto previo falta, lo que limita la comprensión total.",NO_APLICABLE,,reply
2064637892727886254,RÚBRICA 2,rubrica_2_dimension_estetica,"DIMENSIÓN ESTÉTICA (aesthetic dimension — ""imagen cultural"")",False,,,"El tweet es una respuesta a un hilo de conversación que no está disponible. El contenido presente no evalúa ningún objeto cultural, gastronómico, histórico, artístico o escénico de México, por lo que no es aplicable a este criterio.",NO_APLICABLE,,reply
2064637892727886254,RÚBRICA 3,rubrica_3_dimension_funciona,"DIMENSIÓN FUNCIONAL (functional dimension — ""perspectiva política"")",False,,,"El tweet es una respuesta a otro tweet no disponible, lo que limita el contexto. Sin embargo, el contenido presente no evalúa ninguna competencia económica, política, institucional, de infraestructura, educativa/científica ni de organización/logística/gestión de seguridad de México. Se refiere a una autodescripción personal del usuario en relación con un tema no especificado, por lo que no es aplicable al criterio.",NO_APLICABLE,,reply
2064637892727886254,RÚBRICA 4,rubrica_4_saliencia_de_viole,SALIENCIA DE VIOLENCIA (violence salience — binaria 0/1),False,,,"El tuit es una respuesta a otro tuit no disponible y no menciona ni alude a violencia, crimen o inseguridad contemporáneas en México. El contenido se centra en una descripción personal de habilidades de diseño, lo que lo hace ajeno al criterio de evaluación.",NO_APLICABLE,,reply
2073970547894141230,RÚBRICA 1,rubrica_1_dimension_simpatic,"DIMENSIÓN SIMPÁTICA / EMOCIONAL (sympathetic/emotional dimension - ""atmósfera"")",False,,,"El tweet es una amenaza críptica que no menciona a México ni a su gente, ni expresa ninguna emoción hacia ellos. Por lo tanto, no es aplicable a este criterio de evaluación.",NO_APLICABLE,,
2073970547894141230,RÚBRICA 2,rubrica_2_dimension_estetica,"DIMENSIÓN ESTÉTICA (aesthetic dimension — ""imagen cultural"")",False,,,"El tweet no evalúa ningún objeto cultural, gastronómico, histórico, artístico o escénico de México. Es un comentario personal sin relación con el criterio de dimensión estética.",NO_APLICABLE,,
2073970547894141230,RÚBRICA 3,rubrica_3_dimension_funciona,"DIMENSIÓN FUNCIONAL (functional dimension — ""perspectiva política"")",False,,,"El tweet es una amenaza personal y no evalúa ninguna competencia económica, política, institucional, de infraestructura, educativa/científica ni de organización/logística/gestión de seguridad de México. Por lo tanto, no es aplicable a este criterio.",NO_APLICABLE,,
2073970547894141230,RÚBRICA 4,rubrica_4_saliencia_de_viole,SALIENCIA DE VIOLENCIA (violence salience — binaria 0/1),False,,,"El tuit es una amenaza genérica que no menciona ni alude a violencia, crimen o inseguridad contemporáneas en México. Por lo tanto, no es aplicable a este criterio.",NO_APLICABLE,,
2077980776457785587,RÚBRICA 1,rubrica_1_dimension_simpatic,"DIMENSIÓN SIMPÁTICA / EMOCIONAL (sympathetic/emotional dimension - ""atmósfera"")",False,,,"El tweet trata exclusivamente sobre el mercado de valores y la economía, sin expresar ninguna emoción o sentimiento hacia México o su gente. Por lo tanto, no es aplicable a este criterio de evaluación.",NO_APLICABLE,,
2077980776457785587,RÚBRICA 2,rubrica_2_dimension_estetica,"DIMENSIÓN ESTÉTICA (aesthetic dimension — ""imagen cultural"")",False,,,"El tweet trata sobre el mercado de valores y la economía, no sobre ningún objeto cultural, gastronómico, histórico, artístico o escénico de México. Por lo tanto, no es aplicable a este criterio de evaluación.",NO_APLICABLE,,
2077980776457785587,RÚBRICA 3,rubrica_3_dimension_funciona,"DIMENSIÓN FUNCIONAL (functional dimension — ""perspectiva política"")",False,,,"El tweet es una reflexión sobre el comportamiento del mercado de valores y la economía en general, sin evaluar la competencia o eficacia de ninguna institución, organización, infraestructura o gestión en México. Por lo tanto, no es aplicable a este criterio.",NO_APLICABLE,,
2077980776457785587,RÚBRICA 4,rubrica_4_saliencia_de_viole,SALIENCIA DE VIOLENCIA (violence salience — binaria 0/1),False,,,"El tuit trata sobre el mercado de valores y la economía, sin mencionar ni aludir a violencia, crimen o inseguridad contemporáneas en México. Por lo tanto, el contenido es ajeno a lo que este criterio evalúa.",NO_APLICABLE,,
2062628881941598682,RÚBRICA 1,rubrica_1_dimension_simpatic,"DIMENSIÓN SIMPÁTICA / EMOCIONAL (sympathetic/emotional dimension - ""atmósfera"")",False,,,"El tweet no expresa ninguna emoción del emisor hacia México ni su gente. Se refiere a haber 'conquistado un desafío' y a un 'juego de baño', lo cual no tiene relación con el criterio de evaluación.",NO_APLICABLE,,quote
2062628881941598682,RÚBRICA 2,rubrica_2_dimension_estetica,"DIMENSIÓN ESTÉTICA (aesthetic dimension — ""imagen cultural"")",False,,,"El tweet no evalúa ningún objeto cultural, gastronómico, histórico, artístico o escénico de México. Se refiere a un juego, lo cual no es relevante para este criterio.",NO_APLICABLE,,quote
2062628881941598682,RÚBRICA 3,rubrica_3_dimension_funciona,"DIMENSIÓN FUNCIONAL (functional dimension — ""perspectiva política"")",False,,,"El tweet expresa satisfacción personal por haber completado un desafío en un juego, comparándolo con otro juego popular. No evalúa ninguna competencia económica, política, institucional, de infraestructura, educativa/científica ni de organización/logística/gestión de seguridad de México, por lo que no es aplicable a este criterio.",NO_APLICABLE,,quote
2062628881941598682,RÚBRICA 4,rubrica_4_saliencia_de_viole,SALIENCIA DE VIOLENCIA (violence salience — binaria 0/1),False,,,"El tuit no menciona ni alude a violencia, crimen o inseguridad contemporáneas en México. Se trata de un comentario sobre un juego, por lo que queda fuera del alcance del criterio.",NO_APLICABLE,,quote
2081897238326890806,RÚBRICA 1,rubrica_1_dimension_simpatic,"DIMENSIÓN SIMPÁTICA / EMOCIONAL (sympathetic/emotional dimension - ""atmósfera"")",False,,,"El tweet es una respuesta y el contexto previo falta, lo que impide entender a qué se refiere. El contenido actual solo expresa un deseo de beber una cerveza, sin ninguna mención o implicación emocional hacia México o su gente.",NO_APLICABLE,,reply
2081897238326890806,RÚBRICA 2,rubrica_2_dimension_estetica,"DIMENSIÓN ESTÉTICA (aesthetic dimension — ""imagen cultural"")",False,,,"El tweet no evalúa ningún objeto cultural, gastronómico, histórico, artístico o escénico de México. Solo expresa un deseo de consumir una bebida, sin relación con el criterio. El contexto previo falta, lo que limita la comprensión total, pero el texto presente no es relevante para la dimensión estética.",NO_APLICABLE,,reply
2081897238326890806,RÚBRICA 3,rubrica_3_dimension_funciona,"DIMENSIÓN FUNCIONAL (functional dimension — ""perspectiva política"")",False,,,"El tweet expresa un deseo personal de consumir una bebida, lo cual no evalúa ninguna competencia económica, política, institucional, de infraestructura, educativa/científica ni de organización/logística/gestión de seguridad de México. El contexto previo falta, pero el texto disponible no es relevante para el criterio.",NO_APLICABLE,,reply
2081897238326890806,RÚBRICA 4,rubrica_4_saliencia_de_viole,SALIENCIA DE VIOLENCIA (violence salience — binaria 0/1),False,,,"El tuit es una respuesta que expresa el deseo de pedir una cerveza, lo cual no tiene relación alguna con la violencia, el crimen o la inseguridad en México. El contexto previo falta, pero el texto disponible no permite inferir ninguna conexión con el criterio.",NO_APLICABLE,,reply
2064011655751614917,RÚBRICA 1,rubrica_1_dimension_simpatic,"DIMENSIÓN SIMPÁTICA / EMOCIONAL (sympathetic/emotional dimension - ""atmósfera"")",False,,,"El tweet es una respuesta que indica ""Sí, probablemente lo último, diría yo"", sin mencionar a México ni a su gente. El contexto previo falta, pero el texto disponible no expresa ninguna emoción hacia el país o sus habitantes, por lo que no es aplicable a este criterio.",NO_APLICABLE,,reply
2064011655751614917,RÚBRICA 2,rubrica_2_dimension_estetica,"DIMENSIÓN ESTÉTICA (aesthetic dimension — ""imagen cultural"")",False,,,"El tweet es una respuesta a otro tweet no disponible y su contenido actual (""Yep probably the latter id say"") no evalúa ningún objeto cultural, gastronómico, histórico, artístico o escénico de México. Por lo tanto, queda fuera del alcance de este criterio.",NO_APLICABLE,,reply
2064011655751614917,RÚBRICA 3,rubrica_3_dimension_funciona,"DIMENSIÓN FUNCIONAL (functional dimension — ""perspectiva política"")",False,,,"El tweet es una respuesta a otro tweet no disponible y su contenido (""Yep probably the latter id say"") no permite evaluar ninguna competencia económica, política, institucional, de infraestructura, educativa/científica ni de organización/logística/gestión de seguridad de México. El contexto previo falta, lo que impide cualquier evaluación funcional.",NO_APLICABLE,,reply
2064011655751614917,RÚBRICA 4,rubrica_4_saliencia_de_viole,SALIENCIA DE VIOLENCIA (violence salience — binaria 0/1),False,,,"El tuit es una respuesta a otro tuit no disponible y su contenido actual no menciona ni alude a violencia, crimen o inseguridad contemporáneas en México. Por lo tanto, queda fuera del alcance de este criterio.",NO_APLICABLE,,reply
2078585642272084258,RÚBRICA 1,rubrica_1_dimension_simpatic,"DIMENSIÓN SIMPÁTICA / EMOCIONAL (sympathetic/emotional dimension - ""atmósfera"")",False,,,"El tweet es una respuesta a otro tweet no disponible, lo que limita el contexto. Sin embargo, el contenido presente se centra en un ataque personal y una contradicción sobre el apoyo a un equipo inglés, sin expresar ninguna emoción hacia México o su gente. Por lo tanto, no es aplicable a este criterio.",NO_APLICABLE,,reply
2078585642272084258,RÚBRICA 2,rubrica_2_dimension_estetica,"DIMENSIÓN ESTÉTICA (aesthetic dimension — ""imagen cultural"")",False,,,"El tweet es una respuesta a otro tweet no disponible y no contiene ninguna evaluación de un objeto cultural, gastronómico, histórico, artístico o escénico de México. El contenido se centra en un ataque personal y no es relevante para el criterio de dimensión estética.",NO_APLICABLE,,reply
2078585642272084258,RÚBRICA 3,rubrica_3_dimension_funciona,"DIMENSIÓN FUNCIONAL (functional dimension — ""perspectiva política"")",False,,,"El tweet es una respuesta a otro tweet no disponible y se centra en un ataque personal y una contradicción percibida en el usuario, sin evaluar ninguna competencia económica, política, institucional, de infraestructura, educativa/científica ni de organización/logística/gestión de seguridad de México. El contexto previo falta, pero el texto presente no es relevante para el criterio.",NO_APLICABLE,,reply
2078585642272084258,RÚBRICA 4,rubrica_4_saliencia_de_viole,SALIENCIA DE VIOLENCIA (violence salience — binaria 0/1),False,,,"El tuit es una respuesta a otro tuit no disponible y su contenido se centra en una discusión personal sobre equipos de fútbol y nacionalidades, sin mencionar ni aludir a violencia, crimen o inseguridad contemporáneas en México. Por lo tanto, el criterio no es aplicable.",NO_APLICABLE,,reply
2081385497784410441,RÚBRICA 1,rubrica_1_dimension_simpatic,"DIMENSIÓN SIMPÁTICA / EMOCIONAL (sympathetic/emotional dimension - ""atmósfera"")",False,,,"El tweet no expresa ninguna emoción del emisor hacia México ni su gente. El contenido se centra en una crítica a un grupo anti-CN y sus interpretaciones religiosas y sociales, sin mencionar a México o su población. El contexto previo falta, pero el texto disponible no permite evaluar la dimensión simpática/emocional hacia el país.",NO_APLICABLE,,reply
2081385497784410441,RÚBRICA 2,rubrica_2_dimension_estetica,"DIMENSIÓN ESTÉTICA (aesthetic dimension — ""imagen cultural"")",False,,,"El tweet no evalúa ningún objeto cultural, gastronómico, histórico, artístico o escénico de México. Su contenido es una crítica de índole religiosa y social, ajena al criterio de dimensión estética. El contexto previo falta, pero el texto disponible no es relevante para este criterio.",NO_APLICABLE,,reply
2081385497784410441,RÚBRICA 3,rubrica_3_dimension_funciona,"DIMENSIÓN FUNCIONAL (functional dimension — ""perspectiva política"")",False,,,"El tweet no evalúa ninguna competencia económica, política, institucional, de infraestructura, educativa/científica ni de organización/logística/gestión de seguridad de México. Se trata de una crítica a un grupo de personas por su interpretación del Evangelio y su relación con las normas sociales modernas. El contexto previo falta, pero el texto disponible no se relaciona con el criterio.",NO_APLICABLE,,reply
2081385497784410441,RÚBRICA 4,rubrica_4_saliencia_de_viole,SALIENCIA DE VIOLENCIA (violence salience — binaria 0/1),False,,,"El tuit no menciona ni alude a violencia, crimen o inseguridad contemporáneas en México. Se enfoca en una discusión religiosa y social, sin relación con el tema de violencia en México. El contexto previo falta, pero el texto disponible no es relevante para el criterio.",NO_APLICABLE,,reply
2066586217928347927,RÚBRICA 1,rubrica_1_dimension_simpatic,"DIMENSIÓN SIMPÁTICA / EMOCIONAL (sympathetic/emotional dimension - ""atmósfera"")",True,1,1.0,"El tweet expresa una emoción fuertemente negativa y hostil hacia los inmigrantes, que en el contexto de México, se asocia con la gente del país. La frase ""ARRANQUEN. SUS. MOTORES."" implica un desprecio y una incitación a la huida o al rechazo, lo que encaja con el nivel de ""odio, desprecio, rechazo explícito, miedo afectivo intenso, hostilidad"".",OK,,
2066586217928347927,RÚBRICA 2,rubrica_2_dimension_estetica,"DIMENSIÓN ESTÉTICA (aesthetic dimension — ""imagen cultural"")",False,,,"El tweet no evalúa ningún objeto cultural, gastronómico, histórico, artístico o escénico de México. Su contenido se centra en una advertencia de inundación y una referencia a inmigrantes, lo cual no se alinea con el criterio de dimensión estética.",NO_APLICABLE,,
2066586217928347927,RÚBRICA 3,rubrica_3_dimension_funciona,"DIMENSIÓN FUNCIONAL (functional dimension — ""perspectiva política"")",False,,,"El tweet no evalúa ninguna competencia económica, política, institucional, de infraestructura, educativa/científica ni de organización/logística/gestión de seguridad de México. Se trata de un comentario sarcástico o irónico sobre inmigrantes y una advertencia de inundación, sin relación con la dimensión funcional.",NO_APLICABLE,,
2066586217928347927,RÚBRICA 4,rubrica_4_saliencia_de_viole,SALIENCIA DE VIOLENCIA (violence salience — binaria 0/1),False,,,"El tuit no menciona ni alude a violencia, crimen o inseguridad contemporáneas en México. Se refiere a una advertencia de inundación y a inmigrantes, temas ajenos al criterio de evaluación.",NO_APLICABLE,,
2067701070311104523,RÚBRICA 1,rubrica_1_dimension_simpatic,"DIMENSIÓN SIMPÁTICA / EMOCIONAL (sympathetic/emotional dimension - ""atmósfera"")",False,,,"El tweet es una respuesta a otro tweet no disponible y menciona la necesidad de ""get you on @Seshproducts"". No expresa ninguna emoción del emisor hacia México ni su gente, por lo que queda fuera del alcance de este criterio. El contexto previo falta.",NO_APLICABLE,,reply
2067701070311104523,RÚBRICA 2,rubrica_2_dimension_estetica,"DIMENSIÓN ESTÉTICA (aesthetic dimension — ""imagen cultural"")",False,,,"El tweet es una respuesta a un tweet no disponible y su contenido (""Need to get you on @Seshproducts"") no evalúa ningún objeto cultural, gastronómico, histórico, artístico o escénico de México. Por lo tanto, el criterio de dimensión estética no es aplicable. El contexto previo falta.",NO_APLICABLE,,reply
2067701070311104523,RÚBRICA 3,rubrica_3_dimension_funciona,"DIMENSIÓN FUNCIONAL (functional dimension — ""perspectiva política"")",False,,,"El tweet es una respuesta a otro tweet no disponible y su contenido (""Need to get you on @Seshproducts"") es una mención a un producto o servicio, sin evaluar ninguna competencia económica, política, institucional, de infraestructura, educativa/científica ni de organización/logística/gestión de seguridad de México. Por lo tanto, queda fuera del alcance de este criterio.",NO_APLICABLE,,reply
2067701070311104523,RÚBRICA 4,rubrica_4_saliencia_de_viole,SALIENCIA DE VIOLENCIA (violence salience — binaria 0/1),False,,,"El tuit es una respuesta a otro tuit no disponible y no menciona ni alude a violencia, crimen o inseguridad contemporáneas en México. El contenido es ajeno al criterio de evaluación.",NO_APLICABLE,,reply
2078568389761483164,RÚBRICA 1,rubrica_1_dimension_simpatic,"DIMENSIÓN SIMPÁTICA / EMOCIONAL (sympathetic/emotional dimension - ""atmósfera"")",False,,,"El tweet no expresa ninguna emoción del emisor hacia México ni su gente. El contenido se centra en una disputa territorial y una afirmación de superioridad, sin ninguna referencia afectiva al país o sus habitantes. El contexto previo falta, pero el texto disponible no es relevante para el criterio.",NO_APLICABLE,,reply
2078568389761483164,RÚBRICA 2,rubrica_2_dimension_estetica,"DIMENSIÓN ESTÉTICA (aesthetic dimension — ""imagen cultural"")",False,,,"El tweet no evalúa ningún objeto cultural, gastronómico, histórico, artístico o escénico de México. Se trata de una discusión sobre la soberanía de las Islas Malvinas y una afirmación de superioridad, lo cual está fuera del alcance de este criterio. El contexto previo falta, pero el texto disponible no es relevante para la dimensión estética.",NO_APLICABLE,,reply
2078568389761483164,RÚBRICA 3,rubrica_3_dimension_funciona,"DIMENSIÓN FUNCIONAL (functional dimension — ""perspectiva política"")",False,,,"El tweet expresa una opinión sobre la soberanía de las Islas Malvinas y una actitud de superioridad, pero no evalúa ninguna competencia económica, política, institucional, de infraestructura, educativa/científica ni de organización/logística/gestión de seguridad de México. El contexto previo falta, pero el texto disponible no se relaciona con el criterio.",NO_APLICABLE,,reply
2078568389761483164,RÚBRICA 4,rubrica_4_saliencia_de_viole,SALIENCIA DE VIOLENCIA (violence salience — binaria 0/1),False,,,"El tuit discute la soberanía de las Islas Malvinas y la superioridad de un grupo sobre otro, pero no menciona ni alude a violencia, crimen o inseguridad contemporáneas en México. El contexto previo falta, pero el texto disponible no es relevante para el criterio.",NO_APLICABLE,,reply
2071600600798597346,RÚBRICA 1,rubrica_1_dimension_simpatic,"DIMENSIÓN SIMPÁTICA / EMOCIONAL (sympathetic/emotional dimension - ""atmósfera"")",False,,,"El tweet se centra en un logro personal de pasos y una referencia a un personaje de ficción, sin mencionar a México ni a su gente. Por lo tanto, no expresa ninguna emoción hacia el país o sus habitantes, lo que lo hace ajeno al criterio de evaluación.",NO_APLICABLE,,quote
2071600600798597346,RÚBRICA 2,rubrica_2_dimension_estetica,"DIMENSIÓN ESTÉTICA (aesthetic dimension — ""imagen cultural"")",False,,,"El tweet no evalúa ningún objeto cultural, gastronómico, histórico, artístico o escénico de México. Se centra en un logro personal de pasos y una referencia a un personaje, lo cual no es relevante para el criterio de dimensión estética.",NO_APLICABLE,,quote
2071600600798597346,RÚBRICA 3,rubrica_3_dimension_funciona,"DIMENSIÓN FUNCIONAL (functional dimension — ""perspectiva política"")",False,,,"El tweet describe un logro personal de pasos diarios y hace una referencia cultural, pero no evalúa ninguna competencia económica, política, institucional, de infraestructura, educativa/científica ni de organización/logística/gestión de seguridad de México. Por lo tanto, no es aplicable a este criterio.",NO_APLICABLE,,quote
2071600600798597346,RÚBRICA 4,rubrica_4_saliencia_de_viole,SALIENCIA DE VIOLENCIA (violence salience — binaria 0/1),False,,,"El tuit no menciona ni alude a violencia, crimen o inseguridad contemporáneas en México. Se centra en un logro personal de pasos diarios y una referencia a un personaje de ficción, lo cual lo hace ajeno al criterio de evaluación.",NO_APLICABLE,,quote
2078343154181472520,RÚBRICA 1,rubrica_1_dimension_simpatic,"DIMENSIÓN SIMPÁTICA / EMOCIONAL (sympathetic/emotional dimension - ""atmósfera"")",False,,,"El tweet no expresa ninguna emoción del emisor hacia México ni su gente. El contenido se centra en un mensaje de apoyo a una persona llamada 'Yonna' y en descalificaciones hacia quienes dudan de ella, sin ninguna referencia al país o sus habitantes.",NO_APLICABLE,,
2078343154181472520,RÚBRICA 2,rubrica_2_dimension_estetica,"DIMENSIÓN ESTÉTICA (aesthetic dimension — ""imagen cultural"")",False,,,"El tweet no evalúa ningún objeto cultural, gastronómico, histórico, artístico o escénico de México. Se trata de un mensaje de apoyo a una persona y de confrontación hacia sus detractores, lo cual no se alinea con el criterio de la dimensión estética.",NO_APLICABLE,,
2078343154181472520,RÚBRICA 3,rubrica_3_dimension_funciona,"DIMENSIÓN FUNCIONAL (functional dimension — ""perspectiva política"")",False,,,"El tweet expresa apoyo y desafío personal, utilizando lenguaje vulgar. No evalúa ninguna competencia económica, política, institucional, de infraestructura, educativa/científica ni de organización/logística/gestión de seguridad de México. Por lo tanto, no es aplicable a este criterio.",NO_APLICABLE,,
2078343154181472520,RÚBRICA 4,rubrica_4_saliencia_de_viole,SALIENCIA DE VIOLENCIA (violence salience — binaria 0/1),False,,,"El tuit no menciona ni alude a violencia, crimen o inseguridad contemporáneas en México. El contenido es una expresión de apoyo a una persona y un desafío a sus detractores, sin relación con el tema de violencia en México.",NO_APLICABLE,,
2071817980611080503,RÚBRICA 1,rubrica_1_dimension_simpatic,"DIMENSIÓN SIMPÁTICA / EMOCIONAL (sympathetic/emotional dimension - ""atmósfera"")",False,,,"El tweet no expresa ninguna emoción del emisor hacia México ni su gente. El contenido es ajeno a la dimensión simpática/emocional hacia el país, tratando un tema doméstico sin relación con el criterio de evaluación.",NO_APLICABLE,,
2071817980611080503,RÚBRICA 2,rubrica_2_dimension_estetica,"DIMENSIÓN ESTÉTICA (aesthetic dimension — ""imagen cultural"")",False,,,"El tweet no evalúa ningún objeto cultural, gastronómico, histórico, artístico o escénico de México. Su contenido es ajeno a lo que este criterio evalúa.",NO_APLICABLE,,
2071817980611080503,RÚBRICA 3,rubrica_3_dimension_funciona,"DIMENSIÓN FUNCIONAL (functional dimension — ""perspectiva política"")",False,,,"El tweet describe una situación doméstica y personal, sin ninguna referencia a la competencia económica, política, institucional, de infraestructura, educativa/científica o de organización/logística/gestión de seguridad de México. Por lo tanto, no es aplicable a este criterio.",NO_APLICABLE,,
2071817980611080503,RÚBRICA 4,rubrica_4_saliencia_de_viole,SALIENCIA DE VIOLENCIA (violence salience — binaria 0/1),False,,,"El tuit describe una situación doméstica inusual y humorística, pero no menciona ni alude a violencia, crimen o inseguridad contemporáneas en México. Por lo tanto, el contenido está fuera del alcance de este criterio de evaluación.",NO_APLICABLE,,
2062006220404433349,RÚBRICA 1,rubrica_1_dimension_simpatic,"DIMENSIÓN SIMPÁTICA / EMOCIONAL (sympathetic/emotional dimension - ""atmósfera"")",False,,,El tweet no expresa ninguna emoción del emisor hacia México ni su gente. Se limita a una preferencia por un personaje (Gudetama) en respuesta a un tweet previo que no está disponible. El contexto incompleto impide cualquier inferencia sobre el país o su gente.,NO_APLICABLE,,reply
2062006220404433349,RÚBRICA 2,rubrica_2_dimension_estetica,"DIMENSIÓN ESTÉTICA (aesthetic dimension — ""imagen cultural"")",False,,,"El tweet es una respuesta y el contexto previo falta. El contenido disponible expresa un deseo por un personaje (Gudetama) y menciona ""niños lindos"", pero no evalúa ningún objeto cultural, gastronómico, histórico, artístico o escénico de México. Por lo tanto, no es aplicable a este criterio.",NO_APLICABLE,,reply
2062006220404433349,RÚBRICA 3,rubrica_3_dimension_funciona,"DIMENSIÓN FUNCIONAL (functional dimension — ""perspectiva política"")",False,,,"El tweet expresa un deseo personal por un personaje ('Gudetama') y menciona 'niños lindos', lo cual no evalúa ninguna competencia económica, política, institucional, de infraestructura, educativa/científica ni de organización/logística/gestión de seguridad de México. El contexto previo falta, pero el texto disponible no es relevante para el criterio.",NO_APLICABLE,,reply
2062006220404433349,RÚBRICA 4,rubrica_4_saliencia_de_viole,SALIENCIA DE VIOLENCIA (violence salience — binaria 0/1),False,,,"El tuit no menciona ni alude a violencia, crimen o inseguridad contemporáneas en México. El contenido se centra en preferencias personales sobre personajes, lo que lo hace ajeno al criterio. El contexto previo falta, pero el texto disponible no es relevante para la evaluación.",NO_APLICABLE,,reply
2074107323929231770,RÚBRICA 1,rubrica_1_dimension_simpatic,"DIMENSIÓN SIMPÁTICA / EMOCIONAL (sympathetic/emotional dimension - ""atmósfera"")",True,5,5.0,"El tuit expresa una emoción fuertemente positiva y fascinación hacia México y su gente. Frases como ""You have been wonderful"", ""Everyone has been so welcoming and friendly"", ""Will definitely be returning"" y ""amazing place"" demuestran un alto grado de agrado y deseo de volver, lo que corresponde al nivel 5.",OK,,
2074107323929231770,RÚBRICA 2,rubrica_2_dimension_estetica,"DIMENSIÓN ESTÉTICA (aesthetic dimension — ""imagen cultural"")",False,,,"El tweet expresa una emoción positiva general hacia la Ciudad de México y su gente ('wonderful', 'welcoming and friendly', 'amazing place'), pero no emite un juicio evaluativo específico sobre un objeto cultural, gastronómico, histórico, artístico o escénico, que es lo que el criterio evalúa.",NO_APLICABLE,,
2074107323929231770,RÚBRICA 3,rubrica_3_dimension_funciona,"DIMENSIÓN FUNCIONAL (functional dimension — ""perspectiva política"")",False,,,"El tweet expresa una opinión personal y emocional sobre la Ciudad de México, destacando la amabilidad de la gente y la experiencia general. No evalúa ninguna competencia económica, política, institucional, de infraestructura, educativa/científica ni de organización/logística/gestión de seguridad de México, por lo que no es aplicable a este criterio.",NO_APLICABLE,,
2074107323929231770,RÚBRICA 4,rubrica_4_saliencia_de_viole,SALIENCIA DE VIOLENCIA (violence salience — binaria 0/1),True,0,0.0,"El tuit expresa una experiencia positiva de un viaje a la Ciudad de México, destacando la amabilidad de la gente y el deseo de regresar. No menciona ni alude a violencia, crimen o inseguridad contemporáneas en México.",OK,,
2073471752613564516,RÚBRICA 1,rubrica_1_dimension_simpatic,"DIMENSIÓN SIMPÁTICA / EMOCIONAL (sympathetic/emotional dimension - ""atmósfera"")",True,1,1.0,"El tweet expresa una emoción fuertemente negativa hacia los mexicanos, calificándolos de ""scammers & hate foreigners. Bad people"". Esto denota desprecio y rechazo explícito, alineándose con el nivel 1. El contexto previo falta, pero el tweet actual es suficiente para la evaluación.",OK,,reply
2073471752613564516,RÚBRICA 2,rubrica_2_dimension_estetica,"DIMENSIÓN ESTÉTICA (aesthetic dimension — ""imagen cultural"")",False,,,"El tweet expresa una opinión negativa generalizada sobre la gente mexicana, calificándolos de ""scammers"" y ""bad people"". Sin embargo, no evalúa ningún objeto cultural, gastronómico, histórico, artístico o escénico de México, que es el foco de este criterio. El contexto previo falta, pero el texto disponible no es relevante para la dimensión estética.",NO_APLICABLE,,reply
2073471752613564516,RÚBRICA 3,rubrica_3_dimension_funciona,"DIMENSIÓN FUNCIONAL (functional dimension — ""perspectiva política"")",False,,,"El tweet expresa opiniones personales y estereotipos negativos sobre los mexicanos, pero no evalúa ninguna competencia económica, política, institucional, de infraestructura, educativa/científica ni de organización/logística/gestión de seguridad de México. El contexto previo falta, pero el texto disponible no se relaciona con la dimensión funcional.",NO_APLICABLE,,reply
2073471752613564516,RÚBRICA 4,rubrica_4_saliencia_de_viole,SALIENCIA DE VIOLENCIA (violence salience — binaria 0/1),False,,,"El tuit expresa una opinión negativa y generalizada sobre los mexicanos, calificándolos de 'estafadores' y 'mala gente'. Sin embargo, no menciona ni alude a violencia, crimen o inseguridad contemporáneas en México. El contexto previo falta, pero con el texto disponible, el tuit no se alinea con el criterio de saliencia de violencia.",NO_APLICABLE,,reply
2064131696622969130,RÚBRICA 1,rubrica_1_dimension_simpatic,"DIMENSIÓN SIMPÁTICA / EMOCIONAL (sympathetic/emotional dimension - ""atmósfera"")",False,,,"El tweet expresa una opinión negativa sobre los deportes universitarios en general, sin mencionar a México ni a su gente. Por lo tanto, no expresa ninguna emoción del emisor hacia México o su gente, lo que lo hace inaplicable para este criterio.",NO_APLICABLE,,quote
2064131696622969130,RÚBRICA 2,rubrica_2_dimension_estetica,"DIMENSIÓN ESTÉTICA (aesthetic dimension — ""imagen cultural"")",False,,,"El tweet no evalúa ningún objeto cultural, gastronómico, histórico, artístico o escénico de México. Se refiere a los deportes universitarios, lo cual está fuera del alcance de este criterio.",NO_APLICABLE,,quote
2064131696622969130,RÚBRICA 3,rubrica_3_dimension_funciona,"DIMENSIÓN FUNCIONAL (functional dimension — ""perspectiva política"")",False,,,"El tweet expresa una opinión negativa y emocional sobre los deportes universitarios, calificándolos de ""embarrassing"". Sin embargo, no evalúa ninguna competencia económica, política, institucional, de infraestructura, educativa/científica ni de organización/logística/gestión de seguridad de México. Por lo tanto, no es aplicable a este criterio.",NO_APLICABLE,,quote
2064131696622969130,RÚBRICA 4,rubrica_4_saliencia_de_viole,SALIENCIA DE VIOLENCIA (violence salience — binaria 0/1),False,,,"El tuit no menciona ni alude a violencia, crimen o inseguridad contemporáneas en México. Se refiere a los deportes universitarios, un tema ajeno al criterio de evaluación.",NO_APLICABLE,,quote
2062559053868568815,RÚBRICA 1,rubrica_1_dimension_simpatic,"DIMENSIÓN SIMPÁTICA / EMOCIONAL (sympathetic/emotional dimension - ""atmósfera"")",False,,,"El tweet expresa agrado por el Twitter de habla inglesa, pero no menciona a México ni a su gente. Por lo tanto, no expresa ninguna emoción del emisor hacia el país o sus habitantes, lo que lo hace ajeno al criterio de evaluación.",NO_APLICABLE,,
2062559053868568815,RÚBRICA 2,rubrica_2_dimension_estetica,"DIMENSIÓN ESTÉTICA (aesthetic dimension — ""imagen cultural"")",False,,,"El tweet expresa una preferencia por el Twitter de habla inglesa, lo cual no constituye un juicio evaluativo sobre ningún objeto cultural, gastronómico, histórico, artístico o escénico de México. Por lo tanto, el criterio no es aplicable.",NO_APLICABLE,,
2062559053868568815,RÚBRICA 3,rubrica_3_dimension_funciona,"DIMENSIÓN FUNCIONAL (functional dimension — ""perspectiva política"")",False,,,"El tweet expresa una preferencia personal por el Twitter de habla inglesa, lo cual no evalúa ninguna competencia económica, política, institucional, de infraestructura, educativa/científica ni de organización/logística/gestión de seguridad de México. Por lo tanto, no es aplicable a este criterio.",NO_APLICABLE,,
2062559053868568815,RÚBRICA 4,rubrica_4_saliencia_de_viole,SALIENCIA DE VIOLENCIA (violence salience — binaria 0/1),False,,,"El tuit expresa una preferencia por el Twitter de habla inglesa, lo cual no tiene relación con la violencia, el crimen o la inseguridad en México. Por lo tanto, el criterio no es aplicable.",NO_APLICABLE,,
2080942826905555201,RÚBRICA 1,rubrica_1_dimension_simpatic,"DIMENSIÓN SIMPÁTICA / EMOCIONAL (sympathetic/emotional dimension - ""atmósfera"")",False,,,"El tweet no expresa ninguna emoción del emisor hacia México ni su gente. El contenido se centra en la frustración por un equipo de dibujo dañado y la búsqueda de soluciones técnicas para continuar con su afición. Por lo tanto, no es aplicable a este criterio.",NO_APLICABLE,,
2080942826905555201,RÚBRICA 2,rubrica_2_dimension_estetica,"DIMENSIÓN ESTÉTICA (aesthetic dimension — ""imagen cultural"")",False,,,"El tweet no evalúa ningún objeto cultural, gastronómico, histórico, artístico o escénico de México. Se centra en una situación personal relacionada con herramientas de dibujo digital, lo cual está fuera del alcance de este criterio.",NO_APLICABLE,,
2080942826905555201,RÚBRICA 3,rubrica_3_dimension_funciona,"DIMENSIÓN FUNCIONAL (functional dimension — ""perspectiva política"")",False,,,"El tweet expresa un deseo personal de dibujar y una frustración por tener el PC roto, lo que le impide seguir su flujo de trabajo habitual. No evalúa ninguna competencia económica, política, institucional, de infraestructura, educativa/científica ni de organización/logística/gestión de seguridad de México, por lo que no es aplicable a este criterio.",NO_APLICABLE,,
2080942826905555201,RÚBRICA 4,rubrica_4_saliencia_de_viole,SALIENCIA DE VIOLENCIA (violence salience — binaria 0/1),False,,,"El tuit habla sobre el deseo de dibujar y la necesidad de adaptarse a usar solo un iPad debido a que su PC está rota. No menciona ni alude a violencia, crimen o inseguridad contemporáneas en México, por lo que no es aplicable a este criterio.",NO_APLICABLE,,
2065377016988438805,RÚBRICA 1,rubrica_1_dimension_simpatic,"DIMENSIÓN SIMPÁTICA / EMOCIONAL (sympathetic/emotional dimension - ""atmósfera"")",False,,,"El tweet expresa entusiasmo por la música bass y el snowboarding, y agradecimiento a los asistentes por llenar el lugar. Sin embargo, no menciona a México ni a su gente, por lo que no expresa ninguna emoción hacia el país o sus habitantes.",NO_APLICABLE,,
2065377016988438805,RÚBRICA 2,rubrica_2_dimension_estetica,"DIMENSIÓN ESTÉTICA (aesthetic dimension — ""imagen cultural"")",False,,,"El tweet no evalúa ningún objeto cultural, gastronómico, histórico, artístico o escénico de México. Se centra en preferencias personales (música bass y snowboarding) y la experiencia de un evento, lo cual no se alinea con el criterio de dimensión estética de un objeto cultural.",NO_APLICABLE,,
2065377016988438805,RÚBRICA 3,rubrica_3_dimension_funciona,"DIMENSIÓN FUNCIONAL (functional dimension — ""perspectiva política"")",False,,,"El tweet expresa entusiasmo personal por la música bass y el snowboarding, y agradece a los asistentes por llenar un lugar. No evalúa ninguna competencia económica, política, institucional, de infraestructura, educativa/científica ni de organización/logística/gestión de seguridad de México.",NO_APLICABLE,,
2065377016988438805,RÚBRICA 4,rubrica_4_saliencia_de_viole,SALIENCIA DE VIOLENCIA (violence salience — binaria 0/1),False,,,"El tuit habla sobre música bass y snowboarding, expresando entusiasmo por una oportunidad. No menciona ni alude a violencia, crimen o inseguridad contemporáneas en México, por lo que no es aplicable a este criterio.",NO_APLICABLE,,
2069607259726815248,RÚBRICA 1,rubrica_1_dimension_simpatic,"DIMENSIÓN SIMPÁTICA / EMOCIONAL (sympathetic/emotional dimension - ""atmósfera"")",False,,,"El tweet es una respuesta a otro tweet no disponible y no expresa ninguna emoción del emisor hacia México ni su gente. El contenido se centra en una especulación sobre una cuenta de usuario, lo cual está fuera del alcance de este criterio. El contexto previo falta.",NO_APLICABLE,,reply
2069607259726815248,RÚBRICA 2,rubrica_2_dimension_estetica,"DIMENSIÓN ESTÉTICA (aesthetic dimension — ""imagen cultural"")",False,,,"El tweet es una respuesta a otro tweet no disponible y discute sobre una cuenta de usuario, no sobre un objeto cultural, gastronómico, histórico, artístico o escénico de México. Por lo tanto, no es aplicable a este criterio.",NO_APLICABLE,,reply
2069607259726815248,RÚBRICA 3,rubrica_3_dimension_funciona,"DIMENSIÓN FUNCIONAL (functional dimension — ""perspectiva política"")",False,,,"El tweet es una especulación sobre la identidad de una cuenta de Twitter, lo cual no tiene relación con la evaluación de la competencia económica, política, institucional, de infraestructura, educativa/científica o de organización/logística/gestión de seguridad de México. El contexto previo falta, pero el texto disponible no es relevante para el criterio.",NO_APLICABLE,,reply
2069607259726815248,RÚBRICA 4,rubrica_4_saliencia_de_viole,SALIENCIA DE VIOLENCIA (violence salience — binaria 0/1),False,,,"El tuit es una respuesta a otro tuit no disponible y menciona una cuenta de usuario y un nombre propio, pero no hace referencia a violencia, crimen o inseguridad en México. Por lo tanto, el contenido queda fuera del alcance de este criterio.",NO_APLICABLE,,reply
2062325159000932659,RÚBRICA 1,rubrica_1_dimension_simpatic,"DIMENSIÓN SIMPÁTICA / EMOCIONAL (sympathetic/emotional dimension - ""atmósfera"")",False,,,"El tweet es una respuesta que solicita continuar una conversación por correo electrónico, sin mencionar a México ni a su gente. El contenido es ajeno a la expresión de emociones hacia el país o sus habitantes. El contexto previo falta, lo que limita la comprensión, pero el texto disponible no es relevante para el criterio.",NO_APLICABLE,,reply
2062325159000932659,RÚBRICA 2,rubrica_2_dimension_estetica,"DIMENSIÓN ESTÉTICA (aesthetic dimension — ""imagen cultural"")",False,,,"El tweet es una respuesta a otro tweet no disponible y su contenido (""Can't talk here e-mail me..."") es una interacción personal que no evalúa ningún objeto cultural, gastronómico, histórico, artístico o escénico de México. Por lo tanto, queda fuera del alcance de este criterio.",NO_APLICABLE,,reply
2062325159000932659,RÚBRICA 3,rubrica_3_dimension_funciona,"DIMENSIÓN FUNCIONAL (functional dimension — ""perspectiva política"")",False,,,"El tweet es una respuesta a otro tweet no disponible y su contenido, ""No puedo hablar aquí envíame un correo electrónico"", no evalúa ninguna competencia económica, política, institucional, de infraestructura, educativa/científica ni de organización/logística/gestión de seguridad de México. Por lo tanto, queda fuera del alcance de este criterio. El contexto previo falta.",NO_APLICABLE,,reply
2062325159000932659,RÚBRICA 4,rubrica_4_saliencia_de_viole,SALIENCIA DE VIOLENCIA (violence salience — binaria 0/1),False,,,"El tuit es una respuesta que indica que no se puede hablar en la plataforma y sugiere enviar un correo electrónico. No menciona ni alude a violencia, crimen o inseguridad contemporáneas en México. El contexto previo falta, lo que limita la comprensión, pero el texto disponible no es relevante para el criterio.",NO_APLICABLE,,reply
2081700891493605628,RÚBRICA 1,rubrica_1_dimension_simpatic,"DIMENSIÓN SIMPÁTICA / EMOCIONAL (sympathetic/emotional dimension - ""atmósfera"")",False,,,"El tweet no expresa ninguna emoción del emisor hacia México ni su gente. Trata sobre Karl Marx y sus obras, lo cual está completamente fuera del alcance del criterio de evaluación. El contexto previo falta, pero el texto disponible no permite evaluar la dimensión simpática/emocional hacia México.",NO_APLICABLE,,reply
2081700891493605628,RÚBRICA 2,rubrica_2_dimension_estetica,"DIMENSIÓN ESTÉTICA (aesthetic dimension — ""imagen cultural"")",False,,,"El tweet discute aspectos de la obra y pensamiento de Karl Marx, lo cual no se relaciona con la evaluación de objetos culturales, gastronómicos, históricos, artísticos o escénicos de México. El contexto previo falta, pero el texto disponible no es pertinente al criterio.",NO_APLICABLE,,reply
2081700891493605628,RÚBRICA 3,rubrica_3_dimension_funciona,"DIMENSIÓN FUNCIONAL (functional dimension — ""perspectiva política"")",False,,,"El tweet discute aspectos de la obra y pensamiento de Karl Marx, centrándose en interpretaciones de sus escritos. Este contenido no evalúa ninguna competencia económica, política, institucional, de infraestructura, educativa/científica ni de organización/logística/gestión de seguridad de México. El contexto previo falta, pero el texto disponible no es relevante para el criterio.",NO_APLICABLE,,reply
2081700891493605628,RÚBRICA 4,rubrica_4_saliencia_de_viole,SALIENCIA DE VIOLENCIA (violence salience — binaria 0/1),False,,,"El tuit discute aspectos de la obra y pensamiento de Karl Marx, mencionando su obra 'Oulanem' y el 'Manifiesto Comunista'. No hay mención ni alusión a violencia, crimen o inseguridad contemporáneas en México. El contexto previo falta, pero el texto disponible no es relevante para el criterio.",NO_APLICABLE,,reply
2065501956911538298,RÚBRICA 1,rubrica_1_dimension_simpatic,"DIMENSIÓN SIMPÁTICA / EMOCIONAL (sympathetic/emotional dimension - ""atmósfera"")",False,,,"El tweet no expresa ninguna emoción del emisor hacia México ni su gente. Trata sobre planes de viaje y un encuentro personal en Edina, sin mencionar a México. El contexto previo falta, pero el texto disponible no es relevante para el criterio.",NO_APLICABLE,,reply
2065501956911538298,RÚBRICA 2,rubrica_2_dimension_estetica,"DIMENSIÓN ESTÉTICA (aesthetic dimension — ""imagen cultural"")",False,,,"El tweet no evalúa ningún objeto cultural, gastronómico, histórico, artístico o escénico de México. Se trata de una conversación personal sobre planes de viaje y un posible encuentro. El contexto previo falta, pero el texto disponible no contiene elementos relevantes para este criterio.",NO_APLICABLE,,reply
2065501956911538298,RÚBRICA 3,rubrica_3_dimension_funciona,"DIMENSIÓN FUNCIONAL (functional dimension — ""perspectiva política"")",False,,,"El tweet es una conversación personal sobre planes de viaje y un encuentro, sin evaluar ninguna competencia económica, política, institucional, de infraestructura, educativa/científica ni de organización/logística/gestión de seguridad de México. El contexto previo falta, pero el texto disponible no es relevante para el criterio.",NO_APLICABLE,,reply
2065501956911538298,RÚBRICA 4,rubrica_4_saliencia_de_viole,SALIENCIA DE VIOLENCIA (violence salience — binaria 0/1),False,,,"El tuit es una respuesta personal sobre planes de viaje y una invitación a reunirse, sin mencionar ni aludir a violencia, crimen o inseguridad en México. El contexto previo falta, pero el texto disponible no es relevante para el criterio.",NO_APLICABLE,,reply
2061996741243879826,RÚBRICA 1,rubrica_1_dimension_simpatic,"DIMENSIÓN SIMPÁTICA / EMOCIONAL (sympathetic/emotional dimension - ""atmósfera"")",False,,,"El tweet es una pregunta genérica ""Why is it like this...."" que no expresa ninguna emoción del emisor hacia México ni su gente. Al ser una respuesta, el contexto previo falta, lo que impide determinar si la pregunta se relaciona con el criterio.",NO_APLICABLE,,reply
2061996741243879826,RÚBRICA 2,rubrica_2_dimension_estetica,"DIMENSIÓN ESTÉTICA (aesthetic dimension — ""imagen cultural"")",False,,,"El tweet es una respuesta a otro tweet que no está disponible, lo que limita el contexto. El texto ""Why is it like this...."" no contiene ningún juicio evaluativo sobre un objeto cultural, gastronómico, histórico, artístico o escénico de México, por lo que no es aplicable a este criterio.",NO_APLICABLE,,reply
2061996741243879826,RÚBRICA 3,rubrica_3_dimension_funciona,"DIMENSIÓN FUNCIONAL (functional dimension — ""perspectiva política"")",False,,,"El tweet es una pregunta retórica muy breve (""Why is it like this...."") que no contiene ninguna evaluación sobre la competencia o eficacia institucional. El contexto previo falta, lo que impide entender a qué se refiere la pregunta.",NO_APLICABLE,,reply
2061996741243879826,RÚBRICA 4,rubrica_4_saliencia_de_viole,SALIENCIA DE VIOLENCIA (violence salience — binaria 0/1),False,,,"El tuit es una pregunta genérica ""Why is it like this",NO_APLICABLE,,reply
